"","ID","Description","GeneRatio","BgRatio","pvalue","p.adjust","qvalue","geneID","Count"
"GO:0003735","GO:0003735","structural constituent of ribosome","63/440","126/5051",1.04843589012642e-34,5.02200791370557e-32,4.52482857844035e-32,"RPS11/RPL19/RPL5/RPL35A/RPLP1/RPL4/RPS4X/RPS18/RPS2/RPL10A/RPS12/RPLP0/RPL41/RPL35/RPL29/RPL36AL/RPL7A/RPS27/RPL3/RPL12/RPS13/RPL24/RPL13A/RPL11/RPS6/RPL36/RPS9/RPL18/RPL21/RPS21/RPS15/RPS27A/RPL34/RPS28/RPL13/RPS4Y1/RPS8/RPLP2/RPS16/RPL31/RPL7/RPL27/RPS25/MRPL41/RPL37A/RPS3A/RPS14/RPS19/RPL15/RPS24/RPL10/RPL8/RPS7/ISG15/RPS26/RPS5/RPL9/RPL32/RPL37/RPL27A/RPL39/RPL28/RPL38",63
"GO:0005198","GO:0005198","structural molecule activity","98/440","348/5051",1.24412984730066e-28,2.97969098428507e-26,2.68470124943826e-26,"ACTG1/RPS11/RPL19/RPL5/RPL35A/RPLP1/RPL4/RPS4X/RPS18/RPS2/RPL10A/RPS12/RPLP0/RPL41/RPL35/RPL29/RPL36AL/RPL7A/MYL9/ACTB/RPS27/RPL3/RPL12/RPS13/RPL24/RPL13A/FMOD/RPL11/RPS6/RPL36/RPS9/RPL18/RPL21/RPS21/RPS15/RPS27A/RPL34/RPS28/RPL13/RPS4Y1/RPS8/RPLP2/RPS16/IGFBP7/RPL31/TPM2/AEBP1/RPL7/RPL27/MYH11/BGN/COMP/CLDN3/COL3A1/CLDN4/RPS25/COPG1/MRPL41/RPL37A/RPS3A/MYL6/RPS14/KRT19/COL2A1/RPS19/OLFM4/KRT5/DES/RPL15/RPS24/COL1A1/RPL10/RPL8/RPS7/GP2/ISG15/MUC6/COL1A2/RPS26/RPS5/RPL9/RPL32/RPL37/KRT18/NPNT/NEFH/CCN1/KRT13/MGP/LUM/RPL27A/RPL39/RPL28/RPL38/HLA-DRB1/PGM5/CSRP1/MFAP4",98
"GO:0019843","GO:0019843","rRNA binding","18/440","42/5051",2.9384771617025e-09,4.69176853485165e-07,4.22728293437903e-07,"RPS11/RPL19/RPL5/RPS4X/RPS18/RPLP0/EEF2/RPL12/RPS13/RPL11/RPS9/RPS4Y1/RPS14/RPL8/RPS5/RPL9/RPL37/NOP53",18
"GO:0031625","GO:0031625","ubiquitin protein ligase binding","27/440","134/5051",2.41962981289208e-05,0.00289750670093827,0.00261065321917304,"ACTG1/TRIB1/RPL5/JUN/HSP90AB1/YWHAE/HSP90AA1/HSPA5/CALR/TXNIP/RPL11/RPS27A/TMBIM6/HSPA1A/CKB/HSPA8/ELOB/PRDX6/YWHAZ/SLC25A5/HSPA1B/HSPD1/HSPA6/ISG15/UBC/CDKN1A/CLU",27
"GO:0050839","GO:0050839","cell adhesion molecule binding","48/440","310/5051",4.16485631645942e-05,0.00398993235116813,0.00359492860999655,"CLIC1/S100A11/RPS2/HSP90AB1/YWHAE/PDLIM5/P4HB/HSPA5/CALR/RPL29/RPL7A/EEF2/CDH1/RPL24/PFN1/NDRG1/EPCAM/RPL34/CCN2/BCAM/COMP/COL3A1/VSTM2L/BSG/HSPA1A/HSPA8/PRDX6/YWHAZ/OLFM4/EZR/RPL15/RACK1/CD177/CPE/ISG15/SFN/FASN/RPS26/KRT18/TSPAN8/NPNT/H1-10/CCN1/GPRC5A/MYH9/ENO1/FLNA/PTN",48
"GO:0042605","GO:0042605","peptide antigen binding","8/440","18/5051",6.21940055349863e-05,0.00496515477520974,0.00447360390690252,"HLA-C/HLA-DRA/HLA-E/HLA-B/HLA-DRB5/DHCR24/HLA-A/HLA-DRB1",8
"GO:0044389","GO:0044389","ubiquitin-like protein ligase binding","27/440","143/5051",8.02438724962302e-05,0.00549097356081346,0.00494736657495554,"ACTG1/TRIB1/RPL5/JUN/HSP90AB1/YWHAE/HSP90AA1/HSPA5/CALR/TXNIP/RPL11/RPS27A/TMBIM6/HSPA1A/CKB/HSPA8/ELOB/PRDX6/YWHAZ/SLC25A5/HSPA1B/HSPD1/HSPA6/ISG15/UBC/CDKN1A/CLU",27
"GO:0023026","GO:0023026","MHC class II protein complex binding","9/440","24/5051",0.000106085862334466,0.00635189100727618,0.00572305309962253,"HSP90AB1/YWHAE/HSP90AA1/B2M/HLA-DRA/HSPA8/HLA-DRB5/CD74/HLA-DRB1",9
"GO:0023023","GO:0023023","MHC protein complex binding","9/440","25/5051",0.000153149387173357,0.00815095071733756,0.00734400570071069,"HSP90AB1/YWHAE/HSP90AA1/B2M/HLA-DRA/HSPA8/HLA-DRB5/CD74/HLA-DRB1",9
"GO:0008137","GO:0008137","NADH dehydrogenase (ubiquinone) activity","9/440","26/5051",0.000216425321911161,0.0103667729195446,0.00934046126142907,"ND1/ND6/ND5/ND4L/NDUFS5/NDUFS6/NDUFB7/ND2/NDUFA1",9
"GO:0003954","GO:0003954","NADH dehydrogenase activity","9/440","27/5051",0.000299984534170116,0.0110532762974989,0.00995900072953423,"ND1/ND6/ND5/ND4L/NDUFS5/NDUFS6/NDUFB7/ND2/NDUFA1",9
"GO:0044183","GO:0044183","protein folding chaperone","9/440","27/5051",0.000299984534170116,0.0110532762974989,0.00995900072953423,"HSP90AB1/HSPA5/CALR/HSPB1/HSPA1A/HSPA8/HSPA1B/HSPA6/CD74",9
"GO:0050136","GO:0050136","NADH dehydrogenase (quinone) activity","9/440","27/5051",0.000299984534170116,0.0110532762974989,0.00995900072953423,"ND1/ND6/ND5/ND4L/NDUFS5/NDUFS6/NDUFB7/ND2/NDUFA1",9
"GO:0016655","GO:0016655","oxidoreductase activity, acting on NAD(P)H, quinone or similar compound as acceptor","10/440","33/5051",0.000335315770064718,0.0114725895615,0.0103368019343259,"ND1/ND6/ND5/ND4L/DCXR/NDUFS5/NDUFS6/NDUFB7/ND2/NDUFA1",10
"GO:0003955","GO:0003955","NAD(P)H dehydrogenase (quinone) activity","9/440","28/5051",0.000408539904931986,0.0125889352857456,0.0113426293092093,"ND1/ND6/ND5/ND4L/NDUFS5/NDUFS6/NDUFB7/ND2/NDUFA1",9
"GO:0045296","GO:0045296","cadherin binding","34/440","216/5051",0.000420507232926783,0.0125889352857456,0.0113426293092093,"CLIC1/S100A11/RPS2/HSP90AB1/YWHAE/PDLIM5/HSPA5/RPL29/RPL7A/EEF2/CDH1/RPL24/PFN1/NDRG1/EPCAM/RPL34/BSG/HSPA1A/HSPA8/PRDX6/YWHAZ/OLFM4/EZR/RPL15/RACK1/SFN/FASN/RPS26/KRT18/H1-10/GPRC5A/MYH9/ENO1/FLNA",34
"GO:0030234","GO:0030234","enzyme regulator activity","55/440","407/5051",0.000483760809437943,0.0136306722188691,0.0122812341714896,"TRIB1/RPL5/RPLP1/JUN/HSP90AB1/HSP90AA1/GAPDH/PEBP1/NKX3-1/APLP2/APP/TXNIP/PSAP/DAD1/RPL11/HSPB1/RPS15/TIMP3/A2M/EEF1B2/ARF1/TMBIM6/CD24/EID1/PRDX5/SLPI/LTF/PPP1R1B/PSMD3/SCGB1A1/GSTP1/YWHAG/ALDH1A1/RACK1/RPS7/SFN/BST2/PSME1/RPL37/PI15/DDOST/ARF4/CIB1/LGALS3/CDKN1A/GPRC5A/SERPINI1/CST3/CST1/CALML5/SPINK1/NUCB1/CAMK2N1/RGS2/PTN",55
"GO:0055106","GO:0055106","ubiquitin-protein transferase regulator activity","6/440","14/5051",0.000691506619764864,0.0184017594926317,0.0165799832809119,"TRIB1/RPL5/RPL11/RPS15/RPS7/RPL37",6
"GO:0019838","GO:0019838","growth factor binding","16/440","79/5051",0.00104566477522336,0.0255930359785295,0.0230593226045426,"RPS2/CCN2/IGFBP7/IGFBP4/A2M/COL3A1/IGFBP5/COL2A1/ERBB2/RPS19/DUSP1/COL1A1/COL1A2/IGFBP2/CCN1/PTN",16
"GO:0030291","GO:0030291","protein serine/threonine kinase inhibitor activity","6/440","15/5051",0.00106860275484465,0.0255930359785295,0.0230593226045426,"HSPB1/PPP1R1B/YWHAG/SFN/CIB1/CDKN1A",6
"GO:0048027","GO:0048027","mRNA 5'-UTR binding","6/440","16/5051",0.00158550001863651,0.03616450042509,0.0325842109093218,"RPL5/RPL41/RPS13/RPS3A/RPS14/RPS7",6
"GO:0015453","GO:0015453","oxidoreduction-driven active transmembrane transporter activity","11/440","48/5051",0.00224772651638617,0.0473281907078663,0.042642694627459,"ND1/ND6/ND5/ND4L/NDUFS5/COX8A/NDUFS6/NDUFB7/ND2/COX5B/NDUFA1",11
"GO:0051787","GO:0051787","misfolded protein binding","6/440","17/5051",0.00227254360392678,0.0473281907078663,0.042642694627459,"HSPA5/HSPA1A/HSPA8/HSPA1B/HSPA6/CLU",6
"GO:0003823","GO:0003823","antigen binding","18/440","101/5051",0.00242982465199719,0.0484952503461105,0.0436942152332827,"HLA-C/SPON2/HLA-DRA/IGKC/HLA-E/HLA-B/IGHG1/HLA-DRB5/IGHG2/DHCR24/HLA-A/GP2/IGHA1/IGLC3/HLA-DRB1/MFAP4/IGHG4/IGLC2",18
"GO:0016651","GO:0016651","oxidoreductase activity, acting on NAD(P)H","10/440","42/5051",0.00261238420519524,0.0500532813715408,0.0450980010160021,"ND1/ND6/ND5/ND4L/DCXR/NDUFS5/NDUFS6/NDUFB7/ND2/NDUFA1",10
"GO:0004860","GO:0004860","protein kinase inhibitor activity","9/440","36/5051",0.00297024544906493,0.0536553388285295,0.0483434543889619,"TRIB1/HSPB1/PPP1R1B/YWHAG/RACK1/SFN/CIB1/CDKN1A/CAMK2N1",9
"GO:0061134","GO:0061134","peptidase regulator activity","18/440","103/5051",0.00303733524143902,0.0536553388285295,0.0483434543889619,"GAPDH/PEBP1/NKX3-1/APLP2/APP/TIMP3/A2M/PRDX5/SLPI/LTF/RACK1/BST2/PSME1/PI15/SERPINI1/CST3/CST1/SPINK1",18
"GO:0019901","GO:0019901","protein kinase binding","35/440","251/5051",0.00313642899206436,0.0536553388285295,0.0483434543889619,"TRIB1/RHOB/HSP90AB1/HSP90AA1/EEF1A1/PDLIM5/EEF2/ACTB/PEBP1/ZFP36/RPS6/PPP1CB/HSPB1/ACTA2/ATF4/CD24/YWHAZ/GRB7/RPS19/GSTP1/EZR/DUSP1/YWHAG/RACK1/RPS7/SOX9/SFN/ND2/CIB1/NEFH/CDKN1A/FLNA/CAMK2N1/PTN/SDC4",35
"GO:0005201","GO:0005201","extracellular matrix structural constituent","16/440","88/5051",0.00337933831072315,0.0558173465805652,0.0502914231359889,"FMOD/IGFBP7/AEBP1/BGN/COMP/COL3A1/COL2A1/COL1A1/GP2/MUC6/COL1A2/NPNT/CCN1/MGP/LUM/MFAP4",16
"GO:0019210","GO:0019210","kinase inhibitor activity","9/440","37/5051",0.00362974315960917,0.0579548991150931,0.0522173577347284,"TRIB1/HSPB1/PPP1R1B/YWHAG/RACK1/SFN/CIB1/CDKN1A/CAMK2N1",9
"GO:0009055","GO:0009055","electron transfer activity","14/440","75/5051",0.00465955213157373,0.071997595839478,0.0648698259404153,"ND1/ND6/ND5/DEGS1/ND4L/NDUFS5/COX8A/MAOB/NDUFS6/NDUFB7/ND2/STEAP4/COX5B/NDUFA1",14
"GO:0140678","GO:0140678","molecular function inhibitor activity","11/440","53/5051",0.00509907277907676,0.0763267456618053,0.0687703894546537,"RPL5/NKX3-1/TXNIP/RPL11/RPS15/TMBIM6/SCGB1A1/RACK1/RPS7/RPL37/ID1",11
"GO:0030414","GO:0030414","peptidase inhibitor activity","15/440","84/5051",0.00533645677964511,0.0774594787106063,0.069790981807161,"GAPDH/PEBP1/APLP2/APP/TIMP3/A2M/PRDX5/SLPI/LTF/BST2/PI15/SERPINI1/CST3/CST1/SPINK1",15
"GO:0005520","GO:0005520","insulin-like growth factor binding","6/440","20/5051",0.00568268258820399,0.0794532702605107,0.0715873877745509,"CCN2/IGFBP7/IGFBP4/IGFBP5/IGFBP2/CCN1",6
"GO:0002020","GO:0002020","protease binding","13/440","69/5051",0.00580556254513126,0.0794532702605107,0.0715873877745509,"LCN2/PSAP/F3/TIMP3/A2M/COMP/COL3A1/COL1A1/CD177/COL1A2/SEMG2/UBC/CST3",13
"GO:0033218","GO:0033218","amide binding","22/440","144/5051",0.00617691767999886,0.0821873213533182,0.0740507675087583,"ANPEP/HSP90AB1/CALR/FOLH1/HLA-C/PSAP/HLA-DRA/HLA-E/HLA-B/GNMT/HLA-DRB5/RAMP1/DHCR24/HLA-A/ITM2C/FASN/DBI/CD74/CST3/SEC61A1/HLA-DRB1/CLU",22
"GO:0051082","GO:0051082","unfolded protein binding","12/440","63/5051",0.00722973906922448,0.0935958111934737,0.0843298156011959,"HSP90AB1/HSP90AA1/HSPA5/CALR/CANX/HSP90B1/HSPA1A/HSPA8/HSPA1B/HSPD1/HSPA6/CLU",12
"GO:0004857","GO:0004857","enzyme inhibitor activity","8/440","34/5051",0.00743556255987861,0.0937272227942593,0.0844482174390645,"RPL5/TXNIP/RPL11/RPS15/TMBIM6/SCGB1A1/RPS7/RPL37",8
"GO:0048407","GO:0048407","platelet-derived growth factor binding","4/440","10/5051",0.00779718070340353,0.0957653732546228,0.0862845907799041,"COL3A1/COL2A1/COL1A1/COL1A2",4
"GO:0061135","GO:0061135","endopeptidase regulator activity","15/440","88/5051",0.0082832246668447,0.0991916153854653,0.0893716345633244,"GAPDH/PEBP1/APLP2/APP/TIMP3/A2M/PRDX5/SLPI/LTF/BST2/PSME1/SERPINI1/CST3/CST1/SPINK1",15
"GO:0004866","GO:0004866","endopeptidase inhibitor activity","14/440","81/5051",0.00936132462245402,0.109367670589158,0.0985402591837266,"GAPDH/PEBP1/APLP2/APP/TIMP3/A2M/PRDX5/SLPI/LTF/BST2/SERPINI1/CST3/CST1/SPINK1",14
"GO:0042277","GO:0042277","peptide binding","18/440","115/5051",0.00990232457858874,0.112933654122476,0.101753209955423,"ANPEP/HSP90AB1/CALR/FOLH1/HLA-C/HLA-DRA/HLA-E/HLA-B/HLA-DRB5/RAMP1/DHCR24/HLA-A/ITM2C/CD74/CST3/SEC61A1/HLA-DRB1/CLU",18
"GO:0008201","GO:0008201","heparin binding","13/440","75/5051",0.011779291498167,0.131215828549349,0.118225447105226,"SAA1/RPL29/APLP2/APP/CCN2/COMP/MDK/LTF/MMP7/REG4/CCN1/PTN/SFRP1",13
"GO:0015399","GO:0015399","primary active transmembrane transporter activity","14/440","85/5051",0.0141648717341063,0.15420394455993,0.138937737104871,"ND1/ND6/ND5/ND4L/ATP5F1B/NDUFS5/COX8A/NDUFS6/NDUFB7/ND2/ATP6V0E1/COX5B/NDUFA1/ATP6V1G1",14
"GO:0019207","GO:0019207","kinase regulator activity","15/440","94/5051",0.0149834764177737,0.159490782313636,0.143701177340052,"TRIB1/RPLP1/HSP90AB1/HSPB1/CD24/LTF/PPP1R1B/GSTP1/YWHAG/RACK1/SFN/CIB1/CDKN1A/GPRC5A/CAMK2N1",15
"GO:0019887","GO:0019887","protein kinase regulator activity","14/440","87/5051",0.0171876085833299,0.178975315465544,0.161256739568999,"TRIB1/RPLP1/HSP90AB1/HSPB1/CD24/LTF/PPP1R1B/YWHAG/RACK1/SFN/CIB1/CDKN1A/GPRC5A/CAMK2N1",14
"GO:0019900","GO:0019900","kinase binding","35/440","281/5051",0.0179523824178054,0.182961514428272,0.164848304396422,"TRIB1/RHOB/HSP90AB1/HSP90AA1/EEF1A1/PDLIM5/EEF2/ACTB/PEBP1/ZFP36/RPS6/PPP1CB/HSPB1/ACTA2/ATF4/CD24/YWHAZ/GRB7/RPS19/GSTP1/EZR/DUSP1/YWHAG/RACK1/RPS7/SOX9/SFN/ND2/CIB1/NEFH/CDKN1A/FLNA/CAMK2N1/PTN/SDC4",35
"GO:0003785","GO:0003785","actin monomer binding","4/440","13/5051",0.0215182865447448,0.214734567811099,0.193475822003188,"TMSB4X/PFN1/TMSB10/TMSB15A",4
"GO:0003729","GO:0003729","mRNA binding","19/440","135/5051",0.0238719113348196,0.233360112844461,0.210257436031708,"RPL5/RPS2/CALR/RPL41/RPL35/PABPC1/ZFP36/RPS13/RPL24/RPL13A/RPL7/RPS3A/SLPI/RPS14/RPS7/RPS26/RPS5/CNBP/ZFP36L1",19
"GO:0031492","GO:0031492","nucleosomal DNA binding","5/440","20/5051",0.0253452443616084,0.238046510768832,0.214479880046635,"ACTB/H1-2/H1-0/H1-10/H3-3B",5
"GO:0097718","GO:0097718","disordered domain specific binding","5/440","20/5051",0.0253452443616084,0.238046510768832,0.214479880046635,"HSP90AB1/HSP90AA1/GAPDH/HSPA1A/EZR",5
"GO:0005246","GO:0005246","calcium channel regulator activity","4/440","14/5051",0.0281023932435671,0.258866276224397,0.233238486434464,"NPY/YWHAE/GNB2/TSPAN13",4
"GO:0005080","GO:0005080","protein kinase C binding","6/440","28/5051",0.0305067621158929,0.275712057613447,0.248416533615016,"PDLIM5/HSPB1/YWHAG/RACK1/FLNA/SDC4",6
"GO:0098631","GO:0098631","cell adhesion mediator activity","7/440","36/5051",0.0329801781385285,0.29254639496954,0.263584269723133,"S100A11/PDLIM5/EPCAM/BCAM/VSTM2L/BSG/KRT18",7
"GO:1901681","GO:1901681","sulfur compound binding","16/440","113/5051",0.0345479382727685,0.300881135139202,0.271093869700193,"SAA1/RPL29/APLP2/APP/CCN2/COMP/MDK/GNMT/LTF/GSTP1/DBI/MMP7/REG4/CCN1/PTN/SFRP1",16
"GO:0042287","GO:0042287","MHC protein binding","4/440","15/5051",0.0357568168524603,0.304620324351118,0.274462878769275,"ATP5F1B/HLA-E/COL2A1/CD74",4
"GO:0045182","GO:0045182","translation regulator activity","10/440","61/5051",0.0362491826472103,0.304620324351118,0.274462878769275,"EEF1A1/PABPC1/EEF2/RPS9/EEF1B2/RPS14/EIF5A/RPL10/CNBP/EIF1",10
"GO:0005178","GO:0005178","integrin binding","12/440","79/5051",0.0392232573943333,0.320751234318856,0.288996826877774,"P4HB/CALR/CCN2/COMP/COL3A1/CD177/ISG15/TSPAN8/NPNT/CCN1/MYH9/PTN",12
"GO:0008307","GO:0008307","structural constituent of muscle","6/440","30/5051",0.0415168612270753,0.320751234318856,0.288996826877774,"MYL9/TPM2/MYH11/MYL6/KRT19/CSRP1",6
"GO:0046332","GO:0046332","SMAD binding","6/440","30/5051",0.0415168612270753,0.320751234318856,0.288996826877774,"JUN/SKIL/CREB3L1/COL1A2/PMEPA1/FLNA",6
"GO:0097110","GO:0097110","scaffold protein binding","6/440","30/5051",0.0415168612270753,0.320751234318856,0.288996826877774,"YWHAE/HSP90AA1/PSAP/KRT8/KRT5/KRT18",6
"GO:0098632","GO:0098632","cell-cell adhesion mediator activity","6/440","30/5051",0.0415168612270753,0.320751234318856,0.288996826877774,"S100A11/PDLIM5/EPCAM/VSTM2L/BSG/KRT18",6
"GO:0048306","GO:0048306","calcium-dependent protein binding","8/440","46/5051",0.0427629731062113,0.325134351077384,0.2929460145956,"S100A11/S100A9/A2M/CD177/S100A6/S100A2/S100A16/S100A4",8
"GO:0098641","GO:0098641","cadherin binding involved in cell-cell adhesion","4/440","16/5051",0.0444964784392625,0.333028330818855,0.30005848947529,"S100A11/PDLIM5/EPCAM/KRT18",4
"GO:0005539","GO:0005539","glycosaminoglycan binding","14/440","99/5051",0.046548821513822,0.343029007771088,0.309069098310397,"SAA1/RPL29/APLP2/APP/CCN2/BGN/COMP/MDK/LTF/MMP7/REG4/CCN1/PTN/SFRP1",14
"GO:0004623","GO:0004623","phospholipase A2 activity","3/440","10/5051",0.0496049973169287,0.344359329200128,0.310267717771789,"PLA2G2A/PRDX6/PLAAT4",3
"GO:0019956","GO:0019956","chemokine binding","3/440","10/5051",0.0496049973169287,0.344359329200128,0.310267717771789,"ZFP36/A2M/ACKR1",3
"GO:0031386","GO:0031386","protein tag","3/440","10/5051",0.0496049973169287,0.344359329200128,0.310267717771789,"RPS27A/ISG15/UBC",3
"GO:0044548","GO:0044548","S100 protein binding","3/440","10/5051",0.0496049973169287,0.344359329200128,0.310267717771789,"S100A11/EZR/S100A6",3
"GO:0048156","GO:0048156","tau protein binding","4/440","17/5051",0.0543215377655669,0.369357449253339,0.332791021192987,"HSP90AB1/HSP90AA1/ACTB/CLU",4
"GO:0043022","GO:0043022","ribosome binding","6/440","32/5051",0.0547481814133341,0.369357449253339,0.332791021192987,"HSPA5/EEF2/RPN2/EIF5A/RACK1/SEC61A1",6
"GO:0022804","GO:0022804","active transmembrane transporter activity","18/440","139/5051",0.0558552932733546,0.371592853860234,0.334805120498178,"SLC45A3/ND1/ND6/ND5/ND4L/SLC25A6/ATP5F1B/NDUFS5/COX8A/SLC25A5/NDUFS6/NDUFB7/ND2/ATP6V0E1/COX5B/NDUFA1/SLC1A5/ATP6V1G1",18
"GO:0004867","GO:0004867","serine-type endopeptidase inhibitor activity","7/440","41/5051",0.0612111322211983,0.401645648410329,0.361882685085672,"PEBP1/APLP2/APP/A2M/SLPI/SERPINI1/SPINK1",7
"GO:0016504","GO:0016504","peptidase activator activity","4/440","19/5051",0.0771624083011536,0.47253751266489,0.425756246989573,"NKX3-1/APP/RACK1/PSME1",4
"GO:0005509","GO:0005509","calcium ion binding","27/440","234/5051",0.0771707973394261,0.47253751266489,0.425756246989573,"S100A11/HSPA5/CALR/MYL9/CANX/S100A9/HSP90B1/TGM2/CDH1/PLA2G2A/SPARCL1/COMP/ALOX15B/CAPNS1/MYL6/MYL12B/S100A6/NPNT/SCGN/CIB1/S100A2/S100A16/TRPM4/MGP/CALML5/NUCB1/S100A4",27
"GO:0004252","GO:0004252","serine-type endopeptidase activity","8/440","52/5051",0.0785374447745616,0.47253751266489,0.425756246989573,"TMPRSS2/KLK3/KLK2/KLK4/F3/LTF/MMP7/CFD",8
"GO:0004602","GO:0004602","glutathione peroxidase activity","3/440","12/5051",0.0799071785508478,0.47253751266489,0.425756246989573,"GPX1/PRDX6/GSTP1",3
"GO:0030021","GO:0030021","extracellular matrix structural constituent conferring compression resistance","3/440","12/5051",0.0799071785508478,0.47253751266489,0.425756246989573,"FMOD/BGN/LUM",3
"GO:0042625","GO:0042625","ATPase-coupled ion transmembrane transporter activity","3/440","12/5051",0.0799071785508478,0.47253751266489,0.425756246989573,"ATP5F1B/ATP6V0E1/ATP6V1G1",3
"GO:0044769","GO:0044769","ATPase activity, coupled to transmembrane movement of ions, rotational mechanism","3/440","12/5051",0.0799071785508478,0.47253751266489,0.425756246989573,"ATP5F1B/ATP6V0E1/ATP6V1G1",3
"GO:0046961","GO:0046961","proton-transporting ATPase activity, rotational mechanism","3/440","12/5051",0.0799071785508478,0.47253751266489,0.425756246989573,"ATP5F1B/ATP6V0E1/ATP6V1G1",3
"GO:0016491","GO:0016491","oxidoreductase activity","34/440","308/5051",0.0852394456231526,0.497923103091342,0.448628661174487,"STEAP2/ND1/GAPDH/P4HB/ND6/ND5/DEGS1/ND4L/PDIA3/DHRS7/RDH11/TXN/DCXR/GPX1/SCD/ALOX15B/PRDX6/PRDX5/NDUFS5/COX8A/PCBD1/DHCR24/GSTP1/MAOB/ALDH1A1/UGDH/FASN/NDUFS6/NDUFB7/ND2/MAOA/STEAP4/COX5B/NDUFA1",34
"GO:0050840","GO:0050840","extracellular matrix binding","6/440","36/5051",0.0880478319339472,0.508131463811575,0.457826393061742,"SPARCL1/BCAM/BGN/LGALS1/LGALS3/CCN1",6
"GO:0034987","GO:0034987","immunoglobulin receptor binding","8/440","54/5051",0.093522660862745,0.5333018399197,0.480504899169492,"IGKC/IGHG1/IGHG2/IGHA1/IGLC3/FLNA/IGHG4/IGLC2",8
"GO:0009678","GO:0009678","pyrophosphate hydrolysis-driven proton transmembrane transporter activity","3/440","13/5051",0.0974238461526786,0.538372424566532,0.485073495379141,"ATP5F1B/ATP6V0E1/ATP6V1G1",3
"GO:0016247","GO:0016247","channel regulator activity","6/440","37/5051",0.097783718031917,0.538372424566532,0.485073495379141,"NPY/YWHAE/GNB2/TSPAN13/RACK1/FLNA",6
"GO:0099106","GO:0099106","ion channel regulator activity","6/440","37/5051",0.097783718031917,0.538372424566532,0.485073495379141,"NPY/YWHAE/GNB2/TSPAN13/RACK1/FLNA",6
"GO:0005200","GO:0005200","structural constituent of cytoskeleton","7/440","47/5051",0.110094903698598,0.599160482120095,0.539843528555629,"ACTG1/ACTB/KRT19/KRT5/DES/NEFH/HLA-DRB1",7
"GO:0140375","GO:0140375","immune receptor activity","5/440","30/5051",0.114617027918548,0.599160482120095,0.539843528555629,"F3/HLA-DRA/PIGR/CD74/HLA-DRB1",5
"GO:0004864","GO:0004864","protein phosphatase inhibitor activity","3/440","14/5051",0.116329696946073,0.599160482120095,0.539843528555629,"PPP1R1B/LGALS3/PTN",3
"GO:0008138","GO:0008138","protein tyrosine/serine/threonine phosphatase activity","3/440","14/5051",0.116329696946073,0.599160482120095,0.539843528555629,"DUSP1/PTP4A3/DUSP2",3
"GO:0008320","GO:0008320","protein transmembrane transporter activity","3/440","14/5051",0.116329696946073,0.599160482120095,0.539843528555629,"AZGP1/MCL1/SEC61A1",3
"GO:0015605","GO:0015605","organophosphate ester transmembrane transporter activity","3/440","14/5051",0.116329696946073,0.599160482120095,0.539843528555629,"SLC25A6/SLC44A4/SLC25A5",3
"GO:0030020","GO:0030020","extracellular matrix structural constituent conferring tensile strength","4/440","22/5051",0.11886813591208,0.605721671296661,0.545755159282785,"COL3A1/COL2A1/COL1A1/COL1A2",4
"GO:0008236","GO:0008236","serine-type peptidase activity","8/440","58/5051",0.128025153907532,0.645516302333765,0.581610117474659,"TMPRSS2/KLK3/KLK2/KLK4/F3/LTF/MMP7/CFD",8
"GO:0036002","GO:0036002","pre-mRNA binding","3/440","15/5051",0.136472916969476,0.679296819025782,0.61204635930243,"RNVU1-7/RNVU1-15/SOX9",3
"GO:0017171","GO:0017171","serine hydrolase activity","8/440","59/5051",0.137561151243217,0.679296819025782,0.61204635930243,"TMPRSS2/KLK3/KLK2/KLK4/F3/LTF/MMP7/CFD",8
"GO:0031491","GO:0031491","nucleosome binding","5/440","32/5051",0.140921412889386,0.684045663200789,0.616325067382318,"ACTB/H1-2/H1-0/H1-10/H3-3B",5
"GO:0003730","GO:0003730","mRNA 3'-UTR binding","6/440","41/5051",0.142042970033839,0.684045663200789,0.616325067382318,"RPL5/RPL41/PABPC1/ZFP36/RPS7/ZFP36L1",6
"GO:0016746","GO:0016746","acyltransferase activity","9/440","69/5051",0.142807027808098,0.684045663200789,0.616325067382318,"SAT1/TGM2/TGM4/PRDX6/ACLY/FASN/PLAAT4/ACSM1/ELOVL5",9
"GO:0004601","GO:0004601","peroxidase activity","4/440","24/5051",0.151026389154817,0.716253865397597,0.645344654022667,"GPX1/PRDX6/PRDX5/GSTP1",4
"GO:0005506","GO:0005506","iron ion binding","6/440","42/5051",0.154347909815297,0.719404392774244,0.648183278842853,"FTL/CALR/LCN2/SCD/ALOX15B/LTF",6
"GO:0019212","GO:0019212","phosphatase inhibitor activity","3/440","16/5051",0.157698248937987,0.719404392774244,0.648183278842853,"PPP1R1B/LGALS3/PTN",3
"GO:0022884","GO:0022884","macromolecule transmembrane transporter activity","3/440","16/5051",0.157698248937987,0.719404392774244,0.648183278842853,"AZGP1/MCL1/SEC61A1",3
"GO:0043028","GO:0043028","cysteine-type endopeptidase regulator activity involved in apoptotic process","3/440","16/5051",0.157698248937987,0.719404392774244,0.648183278842853,"NKX3-1/PRDX5/RACK1",3
"GO:0031072","GO:0031072","heat shock protein binding","7/440","52/5051",0.162823714692302,0.73577886167559,0.662936673523771,"HSP90AB1/HSPA5/ZFP36/HSPA1A/HSPA8/HSPA1B/HSPA6",7
"GO:0004869","GO:0004869","cysteine-type endopeptidase inhibitor activity","4/440","25/5051",0.168220289733607,0.745228728747296,0.671451002717045,"PRDX5/LTF/CST3/CST1",4
"GO:0001618","GO:0001618","virus receptor activity","5/440","34/5051",0.169582320320366,0.745228728747296,0.671451002717045,"ANPEP/BSG/HSPA1A/HSPA1B/SLC1A5",5
"GO:0030295","GO:0030295","protein kinase activator activity","5/440","34/5051",0.169582320320366,0.745228728747296,0.671451002717045,"RPLP1/CD24/LTF/CDKN1A/GPRC5A",5
"GO:0004930","GO:0004930","G protein-coupled receptor activity","7/440","53/5051",0.174538917555095,0.75319046404406,0.67862452534461,"OR51E2/NPY/RAMP1/OR51E1/GPRC5A/ACKR1/ADGRF5",7
"GO:0044325","GO:0044325","transmembrane transporter binding","7/440","53/5051",0.174538917555095,0.75319046404406,0.67862452534461,"HSP90AB1/YWHAE/YWHAZ/HERPUD1/CIB1/FLNA/GRINA",7
"GO:0030546","GO:0030546","signaling receptor activator activity","15/440","133/5051",0.179623635844939,0.762374710071369,0.686899530006068,"NPY/RLN1/GDF15/APP/GRN/CCN2/MDK/CCL19/CCL2/FAM3B/LGALS3/TFF1/CHGB/GRP/PTN",15
"GO:0140318","GO:0140318","protein transporter activity","3/440","17/5051",0.179850401332077,0.762374710071369,0.686899530006068,"AZGP1/MCL1/SEC61A1",3
"GO:0140272","GO:0140272","exogenous protein binding","5/440","35/5051",0.184701058767975,0.768315453263375,0.692252138969308,"ANPEP/BSG/HSPA1A/HSPA1B/SLC1A5",5
"GO:0030545","GO:0030545","signaling receptor regulator activity","16/440","144/5051",0.18516268661119,0.768315453263375,0.692252138969308,"NPY/RLN1/GDF15/APP/GRN/CCN2/MDK/CCL19/CCL2/FAM3B/LGALS3/TFF1/CHGB/DKK4/GRP/PTN",16
"GO:0016836","GO:0016836","hydro-lyase activity","4/440","26/5051",0.186063867596141,0.768315453263375,0.692252138969308,"PCBD1/FASN/ECHS1/ENO1",4
"GO:0015078","GO:0015078","proton transmembrane transporter activity","8/440","64/5051",0.190226592913963,0.778790923126396,0.701690536164866,"SLC45A3/ATP5F1B/ATP8/COX8A/SLC25A5/ATP6V0E1/COX5B/ATP6V1G1",8
"GO:0019209","GO:0019209","kinase activator activity","5/440","36/5051",0.200290288902496,0.800561891831428,0.721306176575949,"RPLP1/CD24/LTF/CDKN1A/GPRC5A",5
"GO:0001968","GO:0001968","fibronectin binding","3/440","18/5051",0.202776749596489,0.800561891831428,0.721306176575949,"CCN2/IGFBP5/SDC4",3
"GO:0043236","GO:0043236","laminin binding","3/440","18/5051",0.202776749596489,0.800561891831428,0.721306176575949,"BCAM/LGALS1/LGALS3",3
"GO:0016684","GO:0016684","oxidoreductase activity, acting on peroxide as acceptor","4/440","27/5051",0.204484708167981,0.800561891831428,0.721306176575949,"GPX1/PRDX6/PRDX5/GSTP1",4
"GO:0016209","GO:0016209","antioxidant activity","6/440","46/5051",0.207835981528744,0.800561891831428,0.721306176575949,"S100A9/TXN/GPX1/PRDX6/PRDX5/GSTP1",6
"GO:0047485","GO:0047485","protein N-terminus binding","6/440","46/5051",0.207835981528744,0.800561891831428,0.721306176575949,"PDLIM5/RPS21/HSPA1A/EIF5A/HSPA1B/ID1",6
"GO:0008191","GO:0008191","metalloendopeptidase inhibitor activity","2/440","10/5051",0.214402247050379,0.800561891831428,0.721306176575949,"TIMP3/BST2",2
"GO:0015216","GO:0015216","purine nucleotide transmembrane transporter activity","2/440","10/5051",0.214402247050379,0.800561891831428,0.721306176575949,"SLC25A6/SLC25A5",2
"GO:0030332","GO:0030332","cyclin binding","2/440","10/5051",0.214402247050379,0.800561891831428,0.721306176575949,"RACK1/CDKN1A",2
"GO:0042288","GO:0042288","MHC class I protein binding","2/440","10/5051",0.214402247050379,0.800561891831428,0.721306176575949,"ATP5F1B/HLA-E",2
"GO:0070182","GO:0070182","DNA polymerase binding","2/440","10/5051",0.214402247050379,0.800561891831428,0.721306176575949,"HSP90AB1/HSP90AA1",2
"GO:0003779","GO:0003779","actin binding","20/440","190/5051",0.215600175461909,0.800561891831428,0.721306176575949,"TMSB4X/PDLIM5/P4HB/EEF2/MARCKSL1/PFN1/TMSB10/DSTN/TAGLN/CNN1/TPM2/MYH11/SHROOM1/EZR/TMSB15A/CFL1/MYH9/FLNA/LMOD1/S100A4",20
"GO:0090079","GO:0090079","translation regulator activity, nucleic acid binding","6/440","47/5051",0.222139553894131,0.813430940627287,0.732901188126992,"EEF1A1/PABPC1/EEF2/EEF1B2/EIF5A/EIF1",6
"GO:0051087","GO:0051087","chaperone binding","7/440","57/5051",0.224715245870217,0.813430940627287,0.732901188126992,"HSPA5/CALR/GRN/HLA-B/HSPA8/HSPD1/CLU",7
"GO:0005262","GO:0005262","calcium channel activity","3/440","19/5051",0.226329438589364,0.813430940627287,0.732901188126992,"TRPM8/TRPM4/SEC61A1",3
"GO:0038023","GO:0038023","signaling receptor activity","25/440","245/5051",0.227556881094064,0.813430940627287,0.732901188126992,"ANPEP/OR51E2/NR4A1/NPY/NKX3-1/F3/HLA-DRA/BCAM/PIGR/CLDN3/CLDN4/RAMP1/ERBB2/OR51E1/ABHD2/PLXNB2/CD74/REG4/TRGC2/GPRC5A/SLC1A5/ACKR1/HLA-DRB1/ADGRF5/SDC4",25
"GO:0060089","GO:0060089","molecular transducer activity","25/440","245/5051",0.227556881094064,0.813430940627287,0.732901188126992,"ANPEP/OR51E2/NR4A1/NPY/NKX3-1/F3/HLA-DRA/BCAM/PIGR/CLDN3/CLDN4/RAMP1/ERBB2/OR51E1/ABHD2/PLXNB2/CD74/REG4/TRGC2/GPRC5A/SLC1A5/ACKR1/HLA-DRB1/ADGRF5/SDC4",25
"GO:0008083","GO:0008083","growth factor activity","6/440","48/5051",0.236757689425522,0.831528979847383,0.749207519475722,"GDF15/GRN/CCN2/MDK/TFF1/PTN",6
"GO:0042826","GO:0042826","histone deacetylase binding","6/440","48/5051",0.236757689425522,0.831528979847383,0.749207519475722,"HSP90AB1/YWHAE/HSP90AA1/NKX3-1/HSPA1A/HSPA1B",6
"GO:0000146","GO:0000146","microfilament motor activity","2/440","11/5051",0.247841897054702,0.831528979847383,0.749207519475722,"MYL6/MYH9",2
"GO:0001965","GO:0001965","G-protein alpha-subunit binding","2/440","11/5051",0.247841897054702,0.831528979847383,0.749207519475722,"NUCB1/RGS2",2
"GO:0015215","GO:0015215","nucleotide transmembrane transporter activity","2/440","11/5051",0.247841897054702,0.831528979847383,0.749207519475722,"SLC25A6/SLC25A5",2
"GO:0035035","GO:0035035","histone acetyltransferase binding","2/440","11/5051",0.247841897054702,0.831528979847383,0.749207519475722,"EGR1/EID1",2
"GO:0035925","GO:0035925","mRNA 3'-UTR AU-rich region binding","2/440","11/5051",0.247841897054702,0.831528979847383,0.749207519475722,"ZFP36/ZFP36L1",2
"GO:0140597","GO:0140597","protein carrier activity","2/440","11/5051",0.247841897054702,0.831528979847383,0.749207519475722,"HSPA8/CLU",2
"GO:0048018","GO:0048018","receptor ligand activity","14/440","131/5051",0.248534374352677,0.831528979847383,0.749207519475722,"NPY/RLN1/GDF15/GRN/CCN2/MDK/CCL19/CCL2/FAM3B/LGALS3/TFF1/CHGB/GRP/PTN",14
"GO:0005516","GO:0005516","calmodulin binding","8/440","69/5051",0.249979484547021,0.831528979847383,0.749207519475722,"EDF1/MARCKSL1/CNN1/AEBP1/MYH11/TRPM4/MYH9/RGS2",8
"GO:0001228","GO:0001228","DNA-binding transcription activator activity, RNA polymerase II-specific","12/440","111/5051",0.257672290198248,0.851207082792832,0.76693748806738,"FOSB/NR4A1/JUN/EGR1/ATF4/CREB3L1/JUNB/SOX9/JUND/CEBPD/ETV1/ETV4",12
"GO:0001216","GO:0001216","DNA-binding transcription activator activity","12/440","112/5051",0.26769227935547,0.865707387733245,0.780002261225426,"FOSB/NR4A1/JUN/EGR1/ATF4/CREB3L1/JUNB/SOX9/JUND/CEBPD/ETV1/ETV4",12
"GO:0015035","GO:0015035","protein-disulfide reductase activity","3/440","21/5051",0.274755432199607,0.865707387733245,0.780002261225426,"P4HB/PDIA3/TXN",3
"GO:0016410","GO:0016410","N-acyltransferase activity","3/440","21/5051",0.274755432199607,0.865707387733245,0.780002261225426,"SAT1/TGM2/PLAAT4",3
"GO:0016747","GO:0016747","acyltransferase activity, transferring groups other than amino-acyl groups","7/440","61/5051",0.279195201899693,0.865707387733245,0.780002261225426,"SAT1/TGM2/PRDX6/FASN/PLAAT4/ACSM1/ELOVL5",7
"GO:0003756","GO:0003756","protein disulfide isomerase activity","2/440","12/5051",0.281428840755474,0.865707387733245,0.780002261225426,"P4HB/PDIA3",2
"GO:0016864","GO:0016864","intramolecular oxidoreductase activity, transposing S-S bonds","2/440","12/5051",0.281428840755474,0.865707387733245,0.780002261225426,"P4HB/PDIA3",2
"GO:0035255","GO:0035255","ionotropic glutamate receptor binding","2/440","12/5051",0.281428840755474,0.865707387733245,0.780002261225426,"CANX/ND2",2
"GO:0004725","GO:0004725","protein tyrosine phosphatase activity","4/440","31/5051",0.282484662991961,0.865707387733245,0.780002261225426,"ACP3/DUSP1/PTP4A3/DUSP2",4
"GO:0016835","GO:0016835","carbon-oxygen lyase activity","4/440","31/5051",0.282484662991961,0.865707387733245,0.780002261225426,"PCBD1/FASN/ECHS1/ENO1",4
"GO:0042562","GO:0042562","hormone binding","4/440","31/5051",0.282484662991961,0.865707387733245,0.780002261225426,"CALR/RAMP1/ABHD2/ALDH1A1",4
"GO:0051015","GO:0051015","actin filament binding","11/440","103/5051",0.283594356332237,0.865707387733245,0.780002261225426,"EEF2/MARCKSL1/DSTN/TAGLN/TPM2/MYH11/SHROOM1/EZR/CFL1/MYH9/FLNA",11
"GO:0008092","GO:0008092","cytoskeletal protein binding","35/440","363/5051",0.283749603077494,0.865707387733245,0.780002261225426,"HSP90AB1/TMSB4X/HSP90AA1/GAPDH/PDLIM5/P4HB/MYL9/S100A9/EEF2/ACTB/CDH1/MARCKSL1/PFN1/NDRG1/TMSB10/DSTN/TAGLN/CNN1/TPM2/MYH11/SHROOM1/DES/EZR/MYL12B/TMSB15A/S100A6/CFL1/NEFH/MYH9/FLNA/CLU/RGS2/LMOD1/S100A4/CSRP1",35
"GO:0016829","GO:0016829","lyase activity","7/440","62/5051",0.293320538034137,0.882044900459517,0.794722358396664,"ODC1/GLO1/PCBD1/FASN/ECHS1/ENO1/APMAP",7
"GO:0030246","GO:0030246","carbohydrate binding","9/440","83/5051",0.29547656831398,0.882044900459517,0.794722358396664,"CALR/CANX/HLA-DRA/BSG/LGALS1/REG4/LGALS3/HLA-DRB1/SFTPA2",9
"GO:0001664","GO:0001664","G protein-coupled receptor binding","10/440","94/5051",0.30101538331304,0.882044900459517,0.794722358396664,"NPY/SAA1/HSPA1A/HSPA8/CCL19/CCL2/PPP1R1B/HSPA1B/FLNA/SFRP1",10
"GO:0008135","GO:0008135","translation factor activity, RNA binding","5/440","42/5051",0.301250312984434,0.882044900459517,0.794722358396664,"EEF1A1/EEF2/EEF1B2/EIF5A/EIF1",5
"GO:0016298","GO:0016298","lipase activity","5/440","42/5051",0.301250312984434,0.882044900459517,0.794722358396664,"PDIA3/PLA2G2A/PRDX6/ABHD2/PLAAT4",5
"GO:0050660","GO:0050660","flavin adenine dinucleotide binding","4/440","32/5051",0.302707984435185,0.882044900459517,0.794722358396664,"DHCR24/MAOB/MAOA/STEAP4",4
"GO:0046982","GO:0046982","protein heterodimerization activity","12/440","116/5051",0.308971151417409,0.882044900459517,0.794722358396664,"NR4A1/XBP1/YWHAE/P4HB/TPM2/ATF4/H2AJ/ERBB2/H2BC21/MCL1/H3-3B/H2AC6",12
"GO:0015252","GO:0015252","proton channel activity","2/440","13/5051",0.314884294319618,0.882044900459517,0.794722358396664,"ATP5F1B/ATP8",2
"GO:0046933","GO:0046933","proton-transporting ATP synthase activity, rotational mechanism","2/440","13/5051",0.314884294319618,0.882044900459517,0.794722358396664,"ATP5F1B/ATP8",2
"GO:0071949","GO:0071949","FAD binding","2/440","13/5051",0.314884294319618,0.882044900459517,0.794722358396664,"DHCR24/STEAP4",2
"GO:0099094","GO:0099094","ligand-gated cation channel activity","2/440","13/5051",0.314884294319618,0.882044900459517,0.794722358396664,"TRPM8/TRPM4",2
"GO:0031490","GO:0031490","chromatin DNA binding","5/440","43/5051",0.318900952152238,0.882044900459517,0.794722358396664,"ACTB/H1-2/H1-0/H1-10/H3-3B",5
"GO:0004888","GO:0004888","transmembrane signaling receptor activity","18/440","182/5051",0.319912245420641,0.882044900459517,0.794722358396664,"OR51E2/NPY/F3/HLA-DRA/BCAM/PIGR/CLDN3/CLDN4/RAMP1/ERBB2/OR51E1/PLXNB2/CD74/TRGC2/GPRC5A/ACKR1/HLA-DRB1/ADGRF5",18
"GO:0004620","GO:0004620","phospholipase activity","4/440","33/5051",0.323084838112437,0.882044900459517,0.794722358396664,"PDIA3/PLA2G2A/PRDX6/PLAAT4",4
"GO:0005179","GO:0005179","hormone activity","4/440","33/5051",0.323084838112437,0.882044900459517,0.794722358396664,"NPY/RLN1/CHGB/GRP",4
"GO:0002039","GO:0002039","p53 binding","3/440","23/5051",0.324091654448591,0.882044900459517,0.794722358396664,"EEF2/HSPD1/NOP53",3
"GO:0015036","GO:0015036","disulfide oxidoreductase activity","3/440","23/5051",0.324091654448591,0.882044900459517,0.794722358396664,"P4HB/PDIA3/TXN",3
"GO:0019829","GO:0019829","ATPase-coupled cation transmembrane transporter activity","3/440","23/5051",0.324091654448591,0.882044900459517,0.794722358396664,"ATP5F1B/ATP6V0E1/ATP6V1G1",3
"GO:0043394","GO:0043394","proteoglycan binding","3/440","23/5051",0.324091654448591,0.882044900459517,0.794722358396664,"COMP/COL2A1/PTN",3
"GO:0043021","GO:0043021","ribonucleoprotein complex binding","8/440","76/5051",0.341669175587786,0.903148709993701,0.813736888468118,"RPLP1/HSPA5/EEF2/RPN2/EIF5A/RACK1/SEC61A1/EIF1",8
"GO:0001540","GO:0001540","amyloid-beta binding","4/440","34/5051",0.343551840484713,0.903148709993701,0.813736888468118,"ITM2C/CD74/CST3/CLU",4
"GO:0004129","GO:0004129","cytochrome-c oxidase activity","2/440","14/5051",0.347976727215209,0.903148709993701,0.813736888468118,"COX8A/COX5B",2
"GO:0005154","GO:0005154","epidermal growth factor receptor binding","2/440","14/5051",0.347976727215209,0.903148709993701,0.813736888468118,"ARF4/AGR2",2
"GO:0005254","GO:0005254","chloride channel activity","2/440","14/5051",0.347976727215209,0.903148709993701,0.813736888468118,"CLIC1/CLDN4",2
"GO:0016628","GO:0016628","oxidoreductase activity, acting on the CH-CH group of donors, NAD or NADP as acceptor","2/440","14/5051",0.347976727215209,0.903148709993701,0.813736888468118,"DHCR24/FASN",2
"GO:0019894","GO:0019894","kinesin binding","2/440","14/5051",0.347976727215209,0.903148709993701,0.813736888468118,"ACTB/NEFH",2
"GO:0048020","GO:0048020","CCR chemokine receptor binding","2/440","14/5051",0.347976727215209,0.903148709993701,0.813736888468118,"CCL19/CCL2",2
"GO:0015085","GO:0015085","calcium ion transmembrane transporter activity","3/440","24/5051",0.348815263776273,0.903148709993701,0.813736888468118,"TRPM8/TRPM4/SEC61A1",3
"GO:0008022","GO:0008022","protein C-terminus binding","8/440","78/5051",0.368840866795543,0.929933960198005,0.837870395959086,"PABPC1/CCN2/BCAM/ERBB2/EZR/CIB1/SDC1/ID1",8
"GO:0008235","GO:0008235","metalloexopeptidase activity","3/440","25/5051",0.373441851145727,0.929933960198005,0.837870395959086,"ANPEP/FOLH1/CPE",3
"GO:0033293","GO:0033293","monocarboxylic acid binding","3/440","25/5051",0.373441851145727,0.929933960198005,0.837870395959086,"S100A9/PSAP/GSTP1",3
"GO:0004175","GO:0004175","endopeptidase activity","12/440","122/5051",0.373521840871334,0.929933960198005,0.837870395959086,"TMPRSS2/KLK3/KLK2/PDIA3/KLK4/F3/CAPNS1/LTF/MMP7/PGC/CFD/SFRP1",12
"GO:0004180","GO:0004180","carboxypeptidase activity","2/440","15/5051",0.380515774945322,0.929933960198005,0.837870395959086,"FOLH1/CPE",2
"GO:0015459","GO:0015459","potassium channel regulator activity","2/440","15/5051",0.380515774945322,0.929933960198005,0.837870395959086,"YWHAE/FLNA",2
"GO:0016597","GO:0016597","amino acid binding","2/440","15/5051",0.380515774945322,0.929933960198005,0.837870395959086,"GNMT/ASS1",2
"GO:0016675","GO:0016675","oxidoreductase activity, acting on a heme group of donors","2/440","15/5051",0.380515774945322,0.929933960198005,0.837870395959086,"COX8A/COX5B",2
"GO:0017134","GO:0017134","fibroblast growth factor binding","2/440","15/5051",0.380515774945322,0.929933960198005,0.837870395959086,"RPS2/RPS19",2
"GO:0050750","GO:0050750","low-density lipoprotein particle receptor binding","2/440","15/5051",0.380515774945322,0.929933960198005,0.837870395959086,"HSP90B1/CLU",2
"GO:0071889","GO:0071889","14-3-3 protein binding","2/440","15/5051",0.380515774945322,0.929933960198005,0.837870395959086,"ZFP36/ZFP36L1",2
"GO:0046914","GO:0046914","transition metal ion binding","27/440","291/5051",0.393283773275986,0.956258514716739,0.861588816687974,"ANPEP/FTL/NR4A1/MT1E/CALR/LCN2/S100A9/EGR1/RPS27/MT2A/APLP2/APP/AEBP1/GLO1/SCD/ALOX15B/LTF/CPE/MT1G/S100A6/MMP7/SEMG2/SEMG1/CNBP/S100A2/S100A4/CSRP1",27
"GO:0008047","GO:0008047","enzyme activator activity","4/440","37/5051",0.404907801090299,0.972976064988865,0.876651327646269,"PSAP/DAD1/ARF1/DDOST",4
"GO:0004879","GO:0004879","nuclear receptor activity","2/440","16/5051",0.412346850089227,0.972976064988865,0.876651327646269,"NR4A1/NKX3-1",2
"GO:0005504","GO:0005504","fatty acid binding","2/440","16/5051",0.412346850089227,0.972976064988865,0.876651327646269,"S100A9/GSTP1",2
"GO:0015276","GO:0015276","ligand-gated ion channel activity","2/440","16/5051",0.412346850089227,0.972976064988865,0.876651327646269,"TRPM8/TRPM4",2
"GO:0022834","GO:0022834","ligand-gated channel activity","2/440","16/5051",0.412346850089227,0.972976064988865,0.876651327646269,"TRPM8/TRPM4",2
"GO:0098531","GO:0098531","ligand-activated transcription factor activity","2/440","16/5051",0.412346850089227,0.972976064988865,0.876651327646269,"NR4A1/NKX3-1",2
"GO:0003774","GO:0003774","cytoskeletal motor activity","3/440","27/5051",0.422057176386635,0.989691622844156,0.891712043437214,"MYH11/MYL6/MYH9",3
"GO:0001217","GO:0001217","DNA-binding transcription repressor activity","6/440","60/5051",0.425629382684543,0.989691622844156,0.891712043437214,"JUN/SKIL/AEBP1/CREB3L1/HOXB13/ENO1",6
"GO:0001227","GO:0001227","DNA-binding transcription repressor activity, RNA polymerase II-specific","6/440","60/5051",0.425629382684543,0.989691622844156,0.891712043437214,"JUN/SKIL/AEBP1/CREB3L1/HOXB13/ENO1",6
"GO:0015932","GO:0015932","nucleobase-containing compound transmembrane transporter activity","2/440","17/5051",0.44334637659018,0.999993915093558,0.900994407621929,"SLC25A6/SLC25A5",2
"GO:0016620","GO:0016620","oxidoreductase activity, acting on the aldehyde or oxo group of donors, NAD or NADP as acceptor","2/440","17/5051",0.44334637659018,0.999993915093558,0.900994407621929,"GAPDH/ALDH1A1",2
"GO:1901505","GO:1901505","carbohydrate derivative transmembrane transporter activity","2/440","17/5051",0.44334637659018,0.999993915093558,0.900994407621929,"SLC25A6/SLC25A5",2
"GO:0019955","GO:0019955","cytokine binding","5/440","50/5051",0.443615218885429,0.999993915093558,0.900994407621929,"ZFP36/A2M/COMP/CD74/ACKR1",5
"GO:0052689","GO:0052689","carboxylic ester hydrolase activity","5/440","50/5051",0.443615218885429,0.999993915093558,0.900994407621929,"PLA2G2A/PRDX6/ABHD2/PLAAT4/APMAP",5
"GO:0046983","GO:0046983","protein dimerization activity","34/440","379/5051",0.454700587419351,0.999993915093558,0.900994407621929,"ACP3/NR4A1/S100A11/XBP1/HSP90AB1/YWHAE/HSP90AA1/P4HB/ODC1/GDF15/B2M/PSAP/HSPB1/TPM2/TXN/ATF4/H2AJ/ERBB2/STARD3/RACK1/H2BC21/S100A6/BST2/MCL1/H3-3B/ID1/S100A16/MYH9/DEFA5/DEFA6/PAPSS1/ENO1/FLNA/H2AC6",34
"GO:0070325","GO:0070325","lipoprotein particle receptor binding","2/440","18/5051",0.473417579964391,0.999993915093558,0.900994407621929,"HSP90B1/CLU",2
"GO:0022857","GO:0022857","transmembrane transporter activity","28/440","315/5051",0.48511566743503,0.999993915093558,0.900994407621929,"CLIC1/SLC45A3/ND1/ND6/ND5/ND4L/SLC25A6/SLC44A4/ATP5F1B/ATP8/AZGP1/CLDN4/NDUFS5/COX8A/SLC25A5/S100A6/NDUFS6/NDUFB7/TRPM8/ND2/ATP6V0E1/COX5B/NDUFA1/MCL1/TRPM4/SLC1A5/SEC61A1/ATP6V1G1",28
"GO:0022853","GO:0022853","active ion transmembrane transporter activity","8/440","87/5051",0.491340455236607,0.999993915093558,0.900994407621929,"SLC45A3/SLC25A6/ATP5F1B/COX8A/SLC25A5/ATP6V0E1/COX5B/ATP6V1G1",8
"GO:0106306","GO:0106306","protein serine phosphatase activity","3/440","30/5051",0.492316364627725,0.999993915093558,0.900994407621929,"PPP1CB/DUSP1/DUSP2",3
"GO:0106307","GO:0106307","protein threonine phosphatase activity","3/440","30/5051",0.492316364627725,0.999993915093558,0.900994407621929,"PPP1CB/DUSP1/DUSP2",3
"GO:0004896","GO:0004896","cytokine receptor activity","2/440","19/5051",0.502486773067336,0.999993915093558,0.900994407621929,"F3/CD74",2
"GO:0005253","GO:0005253","anion channel activity","2/440","19/5051",0.502486773067336,0.999993915093558,0.900994407621929,"CLIC1/CLDN4",2
"GO:0008009","GO:0008009","chemokine activity","2/440","19/5051",0.502486773067336,0.999993915093558,0.900994407621929,"CCL19/CCL2",2
"GO:0015297","GO:0015297","antiporter activity","2/440","19/5051",0.502486773067336,0.999993915093558,0.900994407621929,"SLC25A6/SLC25A5",2
"GO:0016811","GO:0016811","hydrolase activity, acting on carbon-nitrogen (but not peptide) bonds, in linear amides","2/440","19/5051",0.502486773067336,0.999993915093558,0.900994407621929,"KLK3/TGM2",2
"GO:0035254","GO:0035254","glutamate receptor binding","2/440","19/5051",0.502486773067336,0.999993915093558,0.900994407621929,"CANX/ND2",2
"GO:0042805","GO:0042805","actinin binding","2/440","19/5051",0.502486773067336,0.999993915093558,0.900994407621929,"PDLIM5/CSRP1",2
"GO:0005518","GO:0005518","collagen binding","4/440","42/5051",0.504030247827394,0.999993915093558,0.900994407621929,"SPARCL1/AEBP1/COMP/LUM",4
"GO:0051020","GO:0051020","GTPase binding","9/440","100/5051",0.511009926928455,0.999993915093558,0.900994407621929,"HSP90AA1/PFN1/NDRG1/GNB2/BRK1/CIB1/CDC42EP5/ENO1/FLNA",9
"GO:0005216","GO:0005216","ion channel activity","7/440","77/5051",0.511636925517731,0.999993915093558,0.900994407621929,"CLIC1/ATP5F1B/ATP8/CLDN4/TRPM8/TRPM4/SEC61A1",7
"GO:0008270","GO:0008270","zinc ion binding","18/440","204/5051",0.514501866217107,0.999993915093558,0.900994407621929,"ANPEP/NR4A1/MT1E/CALR/S100A9/EGR1/RPS27/MT2A/AEBP1/GLO1/CPE/MT1G/S100A6/MMP7/SEMG2/SEMG1/CNBP/CSRP1",18
"GO:0004197","GO:0004197","cysteine-type endopeptidase activity","3/440","31/5051",0.514798332660128,0.999993915093558,0.900994407621929,"PDIA3/CAPNS1/SFRP1",3
"GO:0008233","GO:0008233","peptidase activity","16/440","182/5051",0.524127321974826,0.999993915093558,0.900994407621929,"ANPEP/TMPRSS2/KLK3/KLK2/FOLH1/PDIA3/KLK4/TGM2/F3/CAPNS1/LTF/CPE/MMP7/PGC/CFD/SFRP1",16
"GO:0000049","GO:0000049","tRNA binding","2/440","20/5051",0.53050008331711,0.999993915093558,0.900994407621929,"RPL35A/EEF1A1",2
"GO:0051018","GO:0051018","protein kinase A binding","2/440","20/5051",0.53050008331711,0.999993915093558,0.900994407621929,"EZR/SOX9",2
"GO:0016667","GO:0016667","oxidoreductase activity, acting on a sulfur group of donors","3/440","32/5051",0.536738713510984,0.999993915093558,0.900994407621929,"P4HB/PDIA3/TXN",3
"GO:0017022","GO:0017022","myosin binding","3/440","32/5051",0.536738713510984,0.999993915093558,0.900994407621929,"MYL9/SHROOM1/MYL12B",3
"GO:0005261","GO:0005261","cation channel activity","5/440","56/5051",0.545933696381248,0.999993915093558,0.900994407621929,"ATP5F1B/ATP8/TRPM8/TRPM4/SEC61A1",5
"GO:0042803","GO:0042803","protein homodimerization activity","23/440","266/5051",0.548873895114997,0.999993915093558,0.900994407621929,"ACP3/S100A11/HSP90AB1/HSP90AA1/ODC1/GDF15/B2M/PSAP/HSPB1/TPM2/TXN/STARD3/RACK1/S100A6/BST2/MCL1/S100A16/MYH9/DEFA5/DEFA6/PAPSS1/ENO1/FLNA",23
"GO:0003690","GO:0003690","double-stranded DNA binding","28/440","325/5051",0.5560540788495,0.999993915093558,0.900994407621929,"FOSB/NR4A1/XBP1/SPDEF/JUN/BASP1/SKIL/EGR1/NKX3-1/APP/AEBP1/H1-2/ATF4/H1-0/CREB3L1/NUCKS1/JUNB/PRDX5/HSPD1/SOX9/JUND/H1-10/CEBPD/H3-3B/HOXB13/ETV1/ENO1/ETV4",28
"GO:0016407","GO:0016407","acetyltransferase activity","2/440","21/5051",0.557420572908426,0.999993915093558,0.900994407621929,"SAT1/FASN",2
"GO:0016903","GO:0016903","oxidoreductase activity, acting on the aldehyde or oxo group of donors","2/440","21/5051",0.557420572908426,0.999993915093558,0.900994407621929,"GAPDH/ALDH1A1",2
"GO:0070063","GO:0070063","RNA polymerase binding","2/440","21/5051",0.557420572908426,0.999993915093558,0.900994407621929,"ZFP36/ERBB2",2
"GO:0051219","GO:0051219","phosphoprotein binding","3/440","33/5051",0.558104101050839,0.999993915093558,0.900994407621929,"YWHAE/PFN1/SFN",3
"GO:0051287","GO:0051287","NAD binding","3/440","33/5051",0.558104101050839,0.999993915093558,0.900994407621929,"GAPDH/ALDH1A1/UGDH",3
"GO:1990782","GO:1990782","protein tyrosine kinase binding","3/440","33/5051",0.558104101050839,0.999993915093558,0.900994407621929,"HSP90AA1/YWHAG/RACK1",3
"GO:0008017","GO:0008017","microtubule binding","5/440","57/5051",0.56213639249782,0.999993915093558,0.900994407621929,"GAPDH/S100A9/NDRG1/EZR/NEFH",5
"GO:0000981","GO:0000981","DNA-binding transcription factor activity, RNA polymerase II-specific","19/440","223/5051",0.577473038524626,0.999993915093558,0.900994407621929,"FOSB/NR4A1/XBP1/SPDEF/JUN/SKIL/EGR1/NKX3-1/AEBP1/ATF4/CREB3L1/JUNB/SOX9/JUND/CEBPD/HOXB13/ETV1/ENO1/ETV4",19
"GO:0016705","GO:0016705","oxidoreductase activity, acting on paired donors, with incorporation or reduction of molecular oxygen","4/440","46/5051",0.57776638916909,0.999993915093558,0.900994407621929,"P4HB/DEGS1/SCD/PCBD1",4
"GO:0004721","GO:0004721","phosphoprotein phosphatase activity","5/440","58/5051",0.578044090115869,0.999993915093558,0.900994407621929,"ACP3/PPP1CB/DUSP1/PTP4A3/DUSP2",5
"GO:0005125","GO:0005125","cytokine activity","5/440","58/5051",0.578044090115869,0.999993915093558,0.900994407621929,"GDF15/GRN/CCL19/CCL2/FAM3B",5
"GO:0004722","GO:0004722","protein serine/threonine phosphatase activity","3/440","34/5051",0.578867223041109,0.999993915093558,0.900994407621929,"PPP1CB/DUSP1/DUSP2",3
"GO:0019888","GO:0019888","protein phosphatase regulator activity","3/440","34/5051",0.578867223041109,0.999993915093558,0.900994407621929,"PPP1R1B/LGALS3/PTN",3
"GO:0015485","GO:0015485","cholesterol binding","2/440","22/5051",0.583225708616874,0.999993915093558,0.900994407621929,"APOD/STARD3",2
"GO:0016765","GO:0016765","transferase activity, transferring alkyl or aryl (other than methyl) groups","2/440","22/5051",0.583225708616874,0.999993915093558,0.900994407621929,"SMS/GSTP1",2
"GO:0045309","GO:0045309","protein phosphorylated amino acid binding","2/440","22/5051",0.583225708616874,0.999993915093558,0.900994407621929,"YWHAE/PFN1",2
"GO:0004029","GO:0004029","aldehyde dehydrogenase (NAD+) activity","1/440","10/5051",0.598386929674055,0.999993915093558,0.900994407621929,"ALDH1A1",1
"GO:0004030","GO:0004030","aldehyde dehydrogenase [NAD(P)+] activity","1/440","10/5051",0.598386929674055,0.999993915093558,0.900994407621929,"ALDH1A1",1
"GO:0015101","GO:0015101","organic cation transmembrane transporter activity","1/440","10/5051",0.598386929674055,0.999993915093558,0.900994407621929,"SLC44A4",1
"GO:0015295","GO:0015295","solute:proton symporter activity","1/440","10/5051",0.598386929674055,0.999993915093558,0.900994407621929,"SLC45A3",1
"GO:0016417","GO:0016417","S-acyltransferase activity","1/440","10/5051",0.598386929674055,0.999993915093558,0.900994407621929,"FASN",1
"GO:0016668","GO:0016668","oxidoreductase activity, acting on a sulfur group of donors, NAD(P) as acceptor","1/440","10/5051",0.598386929674055,0.999993915093558,0.900994407621929,"TXN",1
"GO:0016878","GO:0016878","acid-thiol ligase activity","1/440","10/5051",0.598386929674055,0.999993915093558,0.900994407621929,"ACSM1",1
"GO:0016879","GO:0016879","ligase activity, forming carbon-nitrogen bonds","1/440","10/5051",0.598386929674055,0.999993915093558,0.900994407621929,"ASS1",1
"GO:0048019","GO:0048019","receptor antagonist activity","1/440","10/5051",0.598386929674055,0.999993915093558,0.900994407621929,"DKK4",1
"GO:0051019","GO:0051019","mitogen-activated protein kinase binding","1/440","10/5051",0.598386929674055,0.999993915093558,0.900994407621929,"DUSP1",1
"GO:0055102","GO:0055102","lipase inhibitor activity","1/440","10/5051",0.598386929674055,0.999993915093558,0.900994407621929,"SCGB1A1",1
"GO:0070064","GO:0070064","proline-rich region binding","1/440","10/5051",0.598386929674055,0.999993915093558,0.900994407621929,"PFN1",1
"GO:0071813","GO:0071813","lipoprotein particle binding","1/440","10/5051",0.598386929674055,0.999993915093558,0.900994407621929,"HSPD1",1
"GO:0071814","GO:0071814","protein-lipid complex binding","1/440","10/5051",0.598386929674055,0.999993915093558,0.900994407621929,"HSPD1",1
"GO:0097001","GO:0097001","ceramide binding","1/440","10/5051",0.598386929674055,0.999993915093558,0.900994407621929,"PSAP",1
"GO:1990756","GO:1990756","ubiquitin ligase-substrate adaptor activity","1/440","10/5051",0.598386929674055,0.999993915093558,0.900994407621929,"HERPUD1",1
"GO:0140657","GO:0140657","ATP-dependent activity","13/440","155/5051",0.600572922093066,0.999993915093558,0.900994407621929,"HSP90AA1/HSPA5/ATP5F1B/HSPA1A/HSPA8/MYL6/HSPA1B/HSPD1/HSPA6/ATP6V0E1/MYH9/ACSM1/ATP6V1G1",13
"GO:0005215","GO:0005215","transporter activity","30/440","355/5051",0.601196008712976,0.999993915093558,0.900994407621929,"CLIC1/SLC45A3/ND1/ND6/ND5/ND4L/SLC25A6/SLC44A4/ATP5F1B/APOD/ATP8/AZGP1/CLDN4/NDUFS5/COX8A/SLC25A5/STARD3/S100A6/NDUFS6/NDUFB7/TRPM8/ND2/ATP6V0E1/COX5B/NDUFA1/MCL1/TRPM4/SLC1A5/SEC61A1/ATP6V1G1",30
"GO:0019904","GO:0019904","protein domain specific binding","22/440","262/5051",0.607166981231158,0.999993915093558,0.900994407621929,"JUN/HSP90AB1/HSP90AA1/BASP1/GAPDH/HSPA5/TGM2/NKX3-1/APP/GPX1/ATF4/ARF1/HSPA1A/HSPA8/YWHAZ/HSPA1B/EZR/YWHAG/RACK1/PMEPA1/MCL1/MYH9",22
"GO:0017069","GO:0017069","snRNA binding","2/440","23/5051",0.607905142347186,0.999993915093558,0.900994407621929,"RNU4-2/EIF5A",2
"GO:0016874","GO:0016874","ligase activity","5/440","60/5051",0.608915400564715,0.999993915093558,0.900994407621929,"ATP5F1B/ATP8/ASS1/MCCC2/ACSM1",5
"GO:0003727","GO:0003727","single-stranded RNA binding","3/440","36/5051",0.618505361686478,0.999993915093558,0.900994407621929,"PABPC1/HNRNPF/CNBP",3
"GO:0031406","GO:0031406","carboxylic acid binding","4/440","49/5051",0.628767853232775,0.999993915093558,0.900994407621929,"S100A9/PSAP/GNMT/GSTP1",4
"GO:0030971","GO:0030971","receptor tyrosine kinase binding","2/440","24/5051",0.631458767671815,0.999993915093558,0.900994407621929,"YWHAG/RACK1",2
"GO:0004177","GO:0004177","aminopeptidase activity","1/440","11/5051",0.633441432935991,0.999993915093558,0.900994407621929,"ANPEP",1
"GO:0008187","GO:0008187","poly-pyrimidine tract binding","1/440","11/5051",0.633441432935991,0.999993915093558,0.900994407621929,"PABPC1",1
"GO:0008200","GO:0008200","ion channel inhibitor activity","1/440","11/5051",0.633441432935991,0.999993915093558,0.900994407621929,"RACK1",1
"GO:0016248","GO:0016248","channel inhibitor activity","1/440","11/5051",0.633441432935991,0.999993915093558,0.900994407621929,"RACK1",1
"GO:0016790","GO:0016790","thiolester hydrolase activity","1/440","11/5051",0.633441432935991,0.999993915093558,0.900994407621929,"FASN",1
"GO:0030547","GO:0030547","signaling receptor inhibitor activity","1/440","11/5051",0.633441432935991,0.999993915093558,0.900994407621929,"DKK4",1
"GO:0034237","GO:0034237","protein kinase A regulatory subunit binding","1/440","11/5051",0.633441432935991,0.999993915093558,0.900994407621929,"EZR",1
"GO:0035259","GO:0035259","glucocorticoid receptor binding","1/440","11/5051",0.633441432935991,0.999993915093558,0.900994407621929,"NR4A1",1
"GO:0043027","GO:0043027","cysteine-type endopeptidase inhibitor activity involved in apoptotic process","1/440","11/5051",0.633441432935991,0.999993915093558,0.900994407621929,"PRDX5",1
"GO:0043425","GO:0043425","bHLH transcription factor binding","1/440","11/5051",0.633441432935991,0.999993915093558,0.900994407621929,"SOX9",1
"GO:0070273","GO:0070273","phosphatidylinositol-4-phosphate binding","1/440","11/5051",0.633441432935991,0.999993915093558,0.900994407621929,"GOLPH3",1
"GO:0090482","GO:0090482","vitamin transmembrane transporter activity","1/440","11/5051",0.633441432935991,0.999993915093558,0.900994407621929,"SLC44A4",1
"GO:0008238","GO:0008238","exopeptidase activity","3/440","37/5051",0.637352205268494,0.999993915093558,0.900994407621929,"ANPEP/FOLH1/CPE",3
"GO:0042626","GO:0042626","ATPase-coupled transmembrane transporter activity","3/440","37/5051",0.637352205268494,0.999993915093558,0.900994407621929,"ATP5F1B/ATP6V0E1/ATP6V1G1",3
"GO:0000978","GO:0000978","RNA polymerase II cis-regulatory region sequence-specific DNA binding","18/440","219/5051",0.640434966197246,0.999993915093558,0.900994407621929,"FOSB/NR4A1/XBP1/JUN/SKIL/EGR1/NKX3-1/APP/ATF4/CREB3L1/JUNB/SOX9/JUND/CEBPD/H3-3B/HOXB13/ETV1/ETV4",18
"GO:0016887","GO:0016887","ATP hydrolysis activity","7/440","87/5051",0.644073999843813,0.999993915093558,0.900994407621929,"HSP90AA1/HSPA5/HSPA1A/HSPA8/HSPA1B/HSPD1/HSPA6",7
"GO:0140677","GO:0140677","molecular function activator activity","4/440","51/5051",0.660502731062102,0.999993915093558,0.900994407621929,"PSAP/DAD1/ARF1/DDOST",4
"GO:0003700","GO:0003700","DNA-binding transcription factor activity","19/440","234/5051",0.663830227700827,0.999993915093558,0.900994407621929,"FOSB/NR4A1/XBP1/SPDEF/JUN/SKIL/EGR1/NKX3-1/AEBP1/ATF4/CREB3L1/JUNB/SOX9/JUND/CEBPD/HOXB13/ETV1/ENO1/ETV4",19
"GO:0001091","GO:0001091","RNA polymerase II general transcription initiation factor binding","1/440","12/5051",0.665442577679674,0.999993915093558,0.900994407621929,"EDF1",1
"GO:0005109","GO:0005109","frizzled binding","1/440","12/5051",0.665442577679674,0.999993915093558,0.900994407621929,"SFRP1",1
"GO:0005310","GO:0005310","dicarboxylic acid transmembrane transporter activity","1/440","12/5051",0.665442577679674,0.999993915093558,0.900994407621929,"SLC1A5",1
"GO:0016769","GO:0016769","transferase activity, transferring nitrogenous groups","1/440","12/5051",0.665442577679674,0.999993915093558,0.900994407621929,"GAPDH",1
"GO:0016776","GO:0016776","phosphotransferase activity, phosphate group as acceptor","1/440","12/5051",0.665442577679674,0.999993915093558,0.900994407621929,"NME3",1
"GO:0017046","GO:0017046","peptide hormone binding","1/440","12/5051",0.665442577679674,0.999993915093558,0.900994407621929,"RAMP1",1
"GO:0042056","GO:0042056","chemoattractant activity","1/440","12/5051",0.665442577679674,0.999993915093558,0.900994407621929,"LGALS3",1
"GO:0043024","GO:0043024","ribosomal small subunit binding","1/440","12/5051",0.665442577679674,0.999993915093558,0.900994407621929,"EIF1",1
"GO:0046625","GO:0046625","sphingolipid binding","1/440","12/5051",0.665442577679674,0.999993915093558,0.900994407621929,"PSAP",1
"GO:0140297","GO:0140297","DNA-binding transcription factor binding","12/440","150/5051",0.666225310120428,0.999993915093558,0.900994407621929,"NR4A1/JUN/CALR/ACTB/NKX3-1/HSPB1/ATF4/PTMA/YWHAZ/SOX9/IFI27/JUND",12
"GO:0043177","GO:0043177","organic acid binding","3/440","39/5051",0.673063736650175,0.999993915093558,0.900994407621929,"S100A9/GNMT/ASS1",3
"GO:0072341","GO:0072341","modified amino acid binding","3/440","39/5051",0.673063736650175,0.999993915093558,0.900994407621929,"GNMT/HSPA8/FASN",3
"GO:0016627","GO:0016627","oxidoreductase activity, acting on the CH-CH group of donors","2/440","26/5051",0.675229401581704,0.999993915093558,0.900994407621929,"DHCR24/FASN",2
"GO:0042379","GO:0042379","chemokine receptor binding","2/440","26/5051",0.675229401581704,0.999993915093558,0.900994407621929,"CCL19/CCL2",2
"GO:0008237","GO:0008237","metallopeptidase activity","4/440","52/5051",0.675665995157764,0.999993915093558,0.900994407621929,"ANPEP/FOLH1/CPE/MMP7",4
"GO:0015267","GO:0015267","channel activity","7/440","90/5051",0.679473438963637,0.999993915093558,0.900994407621929,"CLIC1/ATP5F1B/ATP8/CLDN4/TRPM8/TRPM4/SEC61A1",7
"GO:0022803","GO:0022803","passive transmembrane transporter activity","7/440","90/5051",0.679473438963637,0.999993915093558,0.900994407621929,"CLIC1/ATP5F1B/ATP8/CLDN4/TRPM8/TRPM4/SEC61A1",7
"GO:0000977","GO:0000977","RNA polymerase II transcription regulatory region sequence-specific DNA binding","20/440","249/5051",0.685485175286017,0.999993915093558,0.900994407621929,"FOSB/NR4A1/XBP1/JUN/SKIL/EGR1/NKX3-1/APP/AEBP1/ATF4/CREB3L1/JUNB/SOX9/JUND/CEBPD/H3-3B/HOXB13/ETV1/ENO1/ETV4",20
"GO:0000987","GO:0000987","cis-regulatory region sequence-specific DNA binding","18/440","225/5051",0.686099826869125,0.999993915093558,0.900994407621929,"FOSB/NR4A1/XBP1/JUN/SKIL/EGR1/NKX3-1/APP/ATF4/CREB3L1/JUNB/SOX9/JUND/CEBPD/H3-3B/HOXB13/ETV1/ETV4",18
"GO:0003697","GO:0003697","single-stranded DNA binding","3/440","40/5051",0.68992465459097,0.999993915093558,0.900994407621929,"NUCKS1/HSPD1/CNBP",3
"GO:0005085","GO:0005085","guanyl-nucleotide exchange factor activity","3/440","40/5051",0.68992465459097,0.999993915093558,0.900994407621929,"EEF1B2/ARF4/NUCB1",3
"GO:0061629","GO:0061629","RNA polymerase II-specific DNA-binding transcription factor binding","9/440","116/5051",0.692177980988393,0.999993915093558,0.900994407621929,"NR4A1/JUN/CALR/ACTB/NKX3-1/HSPB1/ATF4/IFI27/JUND",9
"GO:0008134","GO:0008134","transcription factor binding","18/440","226/5051",0.693388587290213,0.999993915093558,0.900994407621929,"TRIB1/FOSB/NR4A1/JUN/EDF1/CALR/ACTB/NKX3-1/HSPB1/ATF4/NUCKS1/JUNB/PTMA/YWHAZ/SOX9/IFI27/JUND/FLNA",18
"GO:0005044","GO:0005044","scavenger receptor activity","1/440","13/5051",0.694655767959679,0.999993915093558,0.900994407621929,"TMPRSS2",1
"GO:0008080","GO:0008080","N-acetyltransferase activity","1/440","13/5051",0.694655767959679,0.999993915093558,0.900994407621929,"SAT1",1
"GO:0016763","GO:0016763","pentosyltransferase activity","1/440","13/5051",0.694655767959679,0.999993915093558,0.900994407621929,"APRT",1
"GO:0016830","GO:0016830","carbon-carbon lyase activity","1/440","13/5051",0.694655767959679,0.999993915093558,0.900994407621929,"ODC1",1
"GO:0016877","GO:0016877","ligase activity, forming carbon-sulfur bonds","1/440","13/5051",0.694655767959679,0.999993915093558,0.900994407621929,"ACSM1",1
"GO:0019205","GO:0019205","nucleobase-containing compound kinase activity","1/440","13/5051",0.694655767959679,0.999993915093558,0.900994407621929,"NME3",1
"GO:0022839","GO:0022839","ion gated channel activity","1/440","13/5051",0.694655767959679,0.999993915093558,0.900994407621929,"TRPM4",1
"GO:0050681","GO:0050681","androgen receptor binding","1/440","13/5051",0.694655767959679,0.999993915093558,0.900994407621929,"CALR",1
"GO:0051861","GO:0051861","glycolipid binding","1/440","13/5051",0.694655767959679,0.999993915093558,0.900994407621929,"PSAP",1
"GO:0032934","GO:0032934","sterol binding","2/440","27/5051",0.69548317959731,0.999993915093558,0.900994407621929,"APOD/STARD3",2
"GO:1990837","GO:1990837","sequence-specific double-stranded DNA binding","24/440","299/5051",0.698381548917624,0.999993915093558,0.900994407621929,"FOSB/NR4A1/XBP1/SPDEF/JUN/BASP1/SKIL/EGR1/NKX3-1/APP/AEBP1/ATF4/CREB3L1/JUNB/PRDX5/HSPD1/SOX9/JUND/CEBPD/H3-3B/HOXB13/ETV1/ENO1/ETV4",24
"GO:0008013","GO:0008013","beta-catenin binding","2/440","28/5051",0.71468228007998,0.999993915093558,0.900994407621929,"CDH1/SOX9",2
"GO:0016860","GO:0016860","intramolecular oxidoreductase activity","2/440","28/5051",0.71468228007998,0.999993915093558,0.900994407621929,"P4HB/PDIA3",2
"GO:0140104","GO:0140104","molecular carrier activity","2/440","28/5051",0.71468228007998,0.999993915093558,0.900994407621929,"HSPA8/CLU",2
"GO:0030674","GO:0030674","protein-macromolecule adaptor activity","9/440","119/5051",0.721063853364129,0.999993915093558,0.900994407621929,"HSPA8/GNB2/RACK1/COL1A2/HERPUD1/CIB1/NEFH/MYH9/AP2S1",9
"GO:0004364","GO:0004364","glutathione transferase activity","1/440","14/5051",0.721323386478484,0.999993915093558,0.900994407621929,"GSTP1",1
"GO:0008374","GO:0008374","O-acyltransferase activity","1/440","14/5051",0.721323386478484,0.999993915093558,0.900994407621929,"PRDX6",1
"GO:0016706","GO:0016706","2-oxoglutarate-dependent dioxygenase activity","1/440","14/5051",0.721323386478484,0.999993915093558,0.900994407621929,"P4HB",1
"GO:0031369","GO:0031369","translation initiation factor binding","1/440","14/5051",0.721323386478484,0.999993915093558,0.900994407621929,"RPS24",1
"GO:0042169","GO:0042169","SH2 domain binding","1/440","14/5051",0.721323386478484,0.999993915093558,0.900994407621929,"RACK1",1
"GO:0070566","GO:0070566","adenylyltransferase activity","1/440","14/5051",0.721323386478484,0.999993915093558,0.900994407621929,"PAPSS1",1
"GO:0070851","GO:0070851","growth factor receptor binding","3/440","42/5051",0.721670954753839,0.999993915093558,0.900994407621929,"APP/ARF4/AGR2",3
"GO:0008324","GO:0008324","cation transmembrane transporter activity","13/440","170/5051",0.731450849445813,0.999993915093558,0.900994407621929,"SLC45A3/SLC44A4/ATP5F1B/ATP8/COX8A/SLC25A5/TRPM8/ATP6V0E1/COX5B/TRPM4/SLC1A5/SEC61A1/ATP6V1G1",13
"GO:0051213","GO:0051213","dioxygenase activity","2/440","29/5051",0.732856313009727,0.999993915093558,0.900994407621929,"P4HB/ALOX15B",2
"GO:0019208","GO:0019208","phosphatase regulator activity","3/440","43/5051",0.73656993626813,0.999993915093558,0.900994407621929,"PPP1R1B/LGALS3/PTN",3
"GO:0031267","GO:0031267","small GTPase binding","6/440","83/5051",0.74202343477361,0.999993915093558,0.900994407621929,"PFN1/NDRG1/BRK1/CIB1/CDC42EP5/FLNA",6
"GO:0016922","GO:0016922","nuclear receptor binding","4/440","57/5051",0.744345204205481,0.999993915093558,0.900994407621929,"NR4A1/CALR/NKX3-1/JUND",4
"GO:0015026","GO:0015026","coreceptor activity","1/440","15/5051",0.745666787302281,0.999993915093558,0.900994407621929,"RAMP1",1
"GO:0015144","GO:0015144","carbohydrate transmembrane transporter activity","1/440","15/5051",0.745666787302281,0.999993915093558,0.900994407621929,"SLC45A3",1
"GO:0017147","GO:0017147","Wnt-protein binding","1/440","15/5051",0.745666787302281,0.999993915093558,0.900994407621929,"SFRP1",1
"GO:0030331","GO:0030331","estrogen receptor binding","1/440","15/5051",0.745666787302281,0.999993915093558,0.900994407621929,"NKX3-1",1
"GO:0051393","GO:0051393","alpha-actinin binding","1/440","15/5051",0.745666787302281,0.999993915093558,0.900994407621929,"PDLIM5",1
"GO:0120013","GO:0120013","lipid transfer activity","1/440","15/5051",0.745666787302281,0.999993915093558,0.900994407621929,"STARD3",1
"GO:0008509","GO:0008509","anion transmembrane transporter activity","6/440","84/5051",0.752447561013829,0.999993915093558,0.900994407621929,"CLIC1/SLC25A6/SLC44A4/CLDN4/SLC25A5/SLC1A5",6
"GO:0015291","GO:0015291","secondary active transmembrane transporter activity","4/440","58/5051",0.756663805249156,0.999993915093558,0.900994407621929,"SLC45A3/SLC25A6/SLC25A5/SLC1A5",4
"GO:0000976","GO:0000976","transcription cis-regulatory region binding","22/440","285/5051",0.760063278263689,0.999993915093558,0.900994407621929,"FOSB/NR4A1/XBP1/JUN/BASP1/SKIL/EGR1/NKX3-1/APP/AEBP1/ATF4/CREB3L1/JUNB/PRDX5/SOX9/JUND/CEBPD/H3-3B/HOXB13/ETV1/ENO1/ETV4",22
"GO:0001067","GO:0001067","transcription regulatory region nucleic acid binding","22/440","286/5051",0.765736090856404,0.999993915093558,0.900994407621929,"FOSB/NR4A1/XBP1/JUN/BASP1/SKIL/EGR1/NKX3-1/APP/AEBP1/ATF4/CREB3L1/JUNB/PRDX5/SOX9/JUND/CEBPD/H3-3B/HOXB13/ETV1/ENO1/ETV4",22
"GO:0016810","GO:0016810","hydrolase activity, acting on carbon-nitrogen (but not peptide) bonds","2/440","31/5051",0.766261145151675,0.999993915093558,0.900994407621929,"KLK3/TGM2",2
"GO:0043178","GO:0043178","alcohol binding","2/440","31/5051",0.766261145151675,0.999993915093558,0.900994407621929,"APOD/STARD3",2
"GO:0001784","GO:0001784","phosphotyrosine residue binding","1/440","16/5051",0.767888116449818,0.999993915093558,0.900994407621929,"PFN1",1
"GO:0015175","GO:0015175","neutral amino acid transmembrane transporter activity","1/440","16/5051",0.767888116449818,0.999993915093558,0.900994407621929,"SLC1A5",1
"GO:0016859","GO:0016859","cis-trans isomerase activity","1/440","16/5051",0.767888116449818,0.999993915093558,0.900994407621929,"DEGS1",1
"GO:0043175","GO:0043175","RNA polymerase core enzyme binding","1/440","16/5051",0.767888116449818,0.999993915093558,0.900994407621929,"ERBB2",1
"GO:0043539","GO:0043539","protein serine/threonine kinase activator activity","1/440","16/5051",0.767888116449818,0.999993915093558,0.900994407621929,"LTF",1
"GO:0048487","GO:0048487","beta-tubulin binding","1/440","16/5051",0.767888116449818,0.999993915093558,0.900994407621929,"RGS2",1
"GO:0050699","GO:0050699","WW domain binding","1/440","16/5051",0.767888116449818,0.999993915093558,0.900994407621929,"PMEPA1",1
"GO:0022890","GO:0022890","inorganic cation transmembrane transporter activity","11/440","150/5051",0.76970889182461,0.999993915093558,0.900994407621929,"SLC45A3/ATP5F1B/ATP8/COX8A/SLC25A5/TRPM8/ATP6V0E1/COX5B/TRPM4/SEC61A1/ATP6V1G1",11
"GO:0008514","GO:0008514","organic anion transmembrane transporter activity","4/440","60/5051",0.779920294376573,0.999993915093558,0.900994407621929,"SLC25A6/SLC44A4/SLC25A5/SLC1A5",4
"GO:0015075","GO:0015075","ion transmembrane transporter activity","17/440","227/5051",0.78148738025689,0.999993915093558,0.900994407621929,"CLIC1/SLC45A3/SLC25A6/SLC44A4/ATP5F1B/ATP8/CLDN4/COX8A/SLC25A5/S100A6/TRPM8/ATP6V0E1/COX5B/TRPM4/SLC1A5/SEC61A1/ATP6V1G1",17
"GO:0001046","GO:0001046","core promoter sequence-specific DNA binding","1/440","17/5051",0.788171975191046,0.999993915093558,0.900994407621929,"H3-3B",1
"GO:0015179","GO:0015179","L-amino acid transmembrane transporter activity","1/440","17/5051",0.788171975191046,0.999993915093558,0.900994407621929,"SLC1A5",1
"GO:0043531","GO:0043531","ADP binding","1/440","17/5051",0.788171975191046,0.999993915093558,0.900994407621929,"MYH9",1
"GO:0140296","GO:0140296","general transcription initiation factor binding","1/440","17/5051",0.788171975191046,0.999993915093558,0.900994407621929,"EDF1",1
"GO:0008234","GO:0008234","cysteine-type peptidase activity","3/440","47/5051",0.789924210651066,0.999993915093558,0.900994407621929,"PDIA3/CAPNS1/SFRP1",3
"GO:0016616","GO:0016616","oxidoreductase activity, acting on the CH-OH group of donors, NAD or NADP as acceptor","4/440","61/5051",0.790872320884822,0.999993915093558,0.900994407621929,"RDH11/DCXR/UGDH/FASN",4
"GO:0003725","GO:0003725","double-stranded RNA binding","2/440","33/5051",0.795979320564939,0.999993915093558,0.900994407621929,"HSP90AB1/HSPD1",2
"GO:0015293","GO:0015293","symporter activity","2/440","33/5051",0.795979320564939,0.999993915093558,0.900994407621929,"SLC45A3/SLC1A5",2
"GO:1990841","GO:1990841","promoter-specific chromatin binding","1/440","18/5051",0.806686939616143,0.999993915093558,0.900994407621929,"EGR1",1
"GO:0019003","GO:0019003","GDP binding","2/440","34/5051",0.809548826660179,0.999993915093558,0.900994407621929,"RHOB/ARF1",2
"GO:0016788","GO:0016788","hydrolase activity, acting on ester bonds","15/440","207/5051",0.811357524898344,0.999993915093558,0.900994407621929,"ACP3/PDIA3/PLPP1/AZGP1/PLA2G2A/PPP1CB/PRDX6/PGAP3/DUSP1/ABHD2/FASN/PTP4A3/DUSP2/PLAAT4/APMAP",15
"GO:0019842","GO:0019842","vitamin binding","3/440","49/5051",0.81305468578783,0.999993915093558,0.900994407621929,"PYGB/GNMT/FASN",3
"GO:0016791","GO:0016791","phosphatase activity","6/440","91/5051",0.816902965110207,0.999993915093558,0.900994407621929,"ACP3/PLPP1/PPP1CB/DUSP1/PTP4A3/DUSP2",6
"GO:0016614","GO:0016614","oxidoreductase activity, acting on CH-OH group of donors","4/440","64/5051",0.821125627523611,0.999993915093558,0.900994407621929,"RDH11/DCXR/UGDH/FASN",4
"GO:0019903","GO:0019903","protein phosphatase binding","4/440","64/5051",0.821125627523611,0.999993915093558,0.900994407621929,"HSP90B1/ERBB2/RACK1/LGALS3",4
"GO:0035591","GO:0035591","signaling adaptor activity","2/440","35/5051",0.822308970208136,0.999993915093558,0.900994407621929,"GNB2/RACK1",2
"GO:0008170","GO:0008170","N-methyltransferase activity","1/440","19/5051",0.823586948868854,0.999993915093558,0.900994407621929,"GNMT",1
"GO:0030159","GO:0030159","signaling receptor complex adaptor activity","1/440","19/5051",0.823586948868854,0.999993915093558,0.900994407621929,"GNB2",1
"GO:0035064","GO:0035064","methylated histone binding","1/440","19/5051",0.823586948868854,0.999993915093558,0.900994407621929,"NCAPD3",1
"GO:0140034","GO:0140034","methylation-dependent protein binding","1/440","19/5051",0.823586948868854,0.999993915093558,0.900994407621929,"NCAPD3",1
"GO:1901682","GO:1901682","sulfur compound transmembrane transporter activity","1/440","19/5051",0.823586948868854,0.999993915093558,0.900994407621929,"SLC44A4",1
"GO:0015318","GO:0015318","inorganic molecular entity transmembrane transporter activity","13/440","185/5051",0.831234106990137,0.999993915093558,0.900994407621929,"CLIC1/SLC45A3/ATP5F1B/ATP8/CLDN4/COX8A/SLC25A5/TRPM8/ATP6V0E1/COX5B/TRPM4/SEC61A1/ATP6V1G1",13
"GO:0015631","GO:0015631","tubulin binding","6/440","93/5051",0.832681439521944,0.999993915093558,0.900994407621929,"GAPDH/S100A9/NDRG1/EZR/NEFH/RGS2",6
"GO:0022836","GO:0022836","gated channel activity","3/440","51/5051",0.83399545526876,0.999993915093558,0.900994407621929,"CLIC1/TRPM8/TRPM4",3
"GO:0015103","GO:0015103","inorganic anion transmembrane transporter activity","2/440","36/5051",0.834297417768234,0.999993915093558,0.900994407621929,"CLIC1/CLDN4",2
"GO:0005048","GO:0005048","signal sequence binding","1/440","20/5051",0.839012573371578,0.999993915093558,0.900994407621929,"SEC61A1",1
"GO:0008528","GO:0008528","G protein-coupled peptide receptor activity","1/440","20/5051",0.839012573371578,0.999993915093558,0.900994407621929,"RAMP1",1
"GO:0016538","GO:0016538","cyclin-dependent protein serine/threonine kinase regulator activity","1/440","20/5051",0.839012573371578,0.999993915093558,0.900994407621929,"CDKN1A",1
"GO:0038024","GO:0038024","cargo receptor activity","1/440","20/5051",0.839012573371578,0.999993915093558,0.900994407621929,"TMPRSS2",1
"GO:0005096","GO:0005096","GTPase activator activity","6/440","94/5051",0.840153298758368,0.999993915093558,0.900994407621929,"JUN/EEF1B2/ALDH1A1/ARF4/NUCB1/RGS2",6
"GO:0017111","GO:0017111","nucleoside-triphosphatase activity","15/440","213/5051",0.843406833336425,0.999993915093558,0.900994407621929,"RHOB/HSP90AA1/EEF1A1/HSPA5/EEF2/ARF1/HSPA1A/HSPA8/GNB2/HSPA1B/RASD1/HSPD1/HSPA6/ARF4/RGS2",15
"GO:0043565","GO:0043565","sequence-specific DNA binding","24/440","328/5051",0.848368463180731,0.999993915093558,0.900994407621929,"FOSB/NR4A1/XBP1/SPDEF/JUN/BASP1/SKIL/EGR1/NKX3-1/APP/AEBP1/ATF4/CREB3L1/JUNB/PRDX5/HSPD1/SOX9/JUND/CEBPD/H3-3B/HOXB13/ETV1/ENO1/ETV4",24
"GO:0001653","GO:0001653","peptide receptor activity","1/440","21/5051",0.853092173394735,0.999993915093558,0.900994407621929,"RAMP1",1
"GO:0043621","GO:0043621","protein self-association","1/440","21/5051",0.853092173394735,0.999993915093558,0.900994407621929,"NKX3-1",1
"GO:0016853","GO:0016853","isomerase activity","4/440","68/5051",0.855763536606551,0.999993915093558,0.900994407621929,"P4HB/DEGS1/PDIA3/HSPD1",4
"GO:0030170","GO:0030170","pyridoxal phosphate binding","1/440","22/5051",0.865942957431776,0.999993915093558,0.900994407621929,"PYGB",1
"GO:0070279","GO:0070279","vitamin B6 binding","1/440","22/5051",0.865942957431776,0.999993915093558,0.900994407621929,"PYGB",1
"GO:0003924","GO:0003924","GTPase activity","8/440","126/5051",0.870039250407841,0.999993915093558,0.900994407621929,"RHOB/EEF1A1/EEF2/ARF1/GNB2/RASD1/ARF4/RGS2",8
"GO:0004540","GO:0004540","ribonuclease activity","1/440","23/5051",0.877671949026531,0.999993915093558,0.900994407621929,"AZGP1",1
"GO:0015171","GO:0015171","amino acid transmembrane transporter activity","1/440","23/5051",0.877671949026531,0.999993915093558,0.900994407621929,"SLC1A5",1
"GO:0005496","GO:0005496","steroid binding","2/440","41/5051",0.883943184380016,0.999993915093558,0.900994407621929,"APOD/STARD3",2
"GO:0042578","GO:0042578","phosphoric ester hydrolase activity","7/440","115/5051",0.885000767383507,0.999993915093558,0.900994407621929,"ACP3/PDIA3/PLPP1/PPP1CB/DUSP1/PTP4A3/DUSP2",7
"GO:0060090","GO:0060090","molecular adaptor activity","9/440","143/5051",0.887283963272269,0.999993915093558,0.900994407621929,"HSPA8/GNB2/RACK1/COL1A2/HERPUD1/CIB1/NEFH/MYH9/AP2S1",9
"GO:0001098","GO:0001098","basal transcription machinery binding","1/440","24/5051",0.888376869954996,0.999993915093558,0.900994407621929,"EDF1",1
"GO:0001099","GO:0001099","basal RNA polymerase II transcription machinery binding","1/440","24/5051",0.888376869954996,0.999993915093558,0.900994407621929,"EDF1",1
"GO:0004497","GO:0004497","monooxygenase activity","1/440","24/5051",0.888376869954996,0.999993915093558,0.900994407621929,"PCBD1",1
"GO:0008081","GO:0008081","phosphoric diester hydrolase activity","1/440","24/5051",0.888376869954996,0.999993915093558,0.900994407621929,"PDIA3",1
"GO:0051117","GO:0051117","ATPase binding","2/440","42/5051",0.892056795861324,0.999993915093558,0.900994407621929,"EZR/ATP6V1G1",2
"GO:0030695","GO:0030695","GTPase regulator activity","6/440","103/5051",0.895904119526973,0.999993915093558,0.900994407621929,"JUN/EEF1B2/ALDH1A1/ARF4/NUCB1/RGS2",6
"GO:0060589","GO:0060589","nucleoside-triphosphatase regulator activity","6/440","103/5051",0.895904119526973,0.999993915093558,0.900994407621929,"JUN/EEF1B2/ALDH1A1/ARF4/NUCB1/RGS2",6
"GO:0005525","GO:0005525","GTP binding","9/440","145/5051",0.896381191211102,0.999993915093558,0.900994407621929,"RHOB/HSP90AB1/EEF1A1/EEF2/TGM2/ARF1/RASD1/ARF4/ACSM1",9
"GO:0016462","GO:0016462","pyrophosphatase activity","16/440","239/5051",0.898039159235011,0.999993915093558,0.900994407621929,"RHOB/HSP90AA1/EEF1A1/HSPA5/EEF2/PLPP1/ARF1/HSPA1A/HSPA8/GNB2/HSPA1B/RASD1/HSPD1/HSPA6/ARF4/RGS2",16
"GO:0016817","GO:0016817","hydrolase activity, acting on acid anhydrides","16/440","239/5051",0.898039159235011,0.999993915093558,0.900994407621929,"RHOB/HSP90AA1/EEF1A1/HSPA5/EEF2/PLPP1/ARF1/HSPA1A/HSPA8/GNB2/HSPA1B/RASD1/HSPD1/HSPA6/ARF4/RGS2",16
"GO:0016818","GO:0016818","hydrolase activity, acting on acid anhydrides, in phosphorus-containing anhydrides","16/440","239/5051",0.898039159235011,0.999993915093558,0.900994407621929,"RHOB/HSP90AA1/EEF1A1/HSPA5/EEF2/PLPP1/ARF1/HSPA1A/HSPA8/GNB2/HSPA1B/RASD1/HSPD1/HSPA6/ARF4/RGS2",16
"GO:0019902","GO:0019902","phosphatase binding","4/440","75/5051",0.902713616857962,0.999993915093558,0.900994407621929,"HSP90B1/ERBB2/RACK1/LGALS3",4
"GO:0019001","GO:0019001","guanyl nucleotide binding","9/440","147/5051",0.904860089110673,0.999993915093558,0.900994407621929,"RHOB/HSP90AB1/EEF1A1/EEF2/TGM2/ARF1/RASD1/ARF4/ACSM1",9
"GO:0032561","GO:0032561","guanyl ribonucleotide binding","9/440","147/5051",0.904860089110673,0.999993915093558,0.900994407621929,"RHOB/HSP90AB1/EEF1A1/EEF2/TGM2/ARF1/RASD1/ARF4/ACSM1",9
"GO:0005546","GO:0005546","phosphatidylinositol-4,5-bisphosphate binding","1/440","26/5051",0.907063648799058,0.999993915093558,0.900994407621929,"PFN1",1
"GO:0015294","GO:0015294","solute:cation symporter activity","1/440","26/5051",0.907063648799058,0.999993915093558,0.900994407621929,"SLC45A3",1
"GO:0050661","GO:0050661","NADP binding","1/440","26/5051",0.907063648799058,0.999993915093558,0.900994407621929,"GAPDH",1
"GO:0008289","GO:0008289","lipid binding","17/440","256/5051",0.910645237698165,0.999993915093558,0.900994407621929,"S100A9/PEBP1/SPON2/PSAP/F3/APOD/PFN1/PLA2G2A/GOLPH3/ALOX15B/HSPA8/LTF/GRB7/STARD3/GSTP1/HSPD1/DBI",17
"GO:0140030","GO:0140030","modification-dependent protein binding","2/440","45/5051",0.913344337082167,0.999993915093558,0.900994407621929,"HSPD1/NCAPD3",2
"GO:0005244","GO:0005244","voltage-gated ion channel activity","1/440","27/5051",0.915201359152971,0.999993915093558,0.900994407621929,"CLIC1",1
"GO:0022832","GO:0022832","voltage-gated channel activity","1/440","27/5051",0.915201359152971,0.999993915093558,0.900994407621929,"CLIC1",1
"GO:0003714","GO:0003714","transcription corepressor activity","4/440","78/5051",0.91831904806021,0.999993915093558,0.900994407621929,"BTG2/BASP1/HSPA1A/EID1",4
"GO:0001786","GO:0001786","phosphatidylserine binding","1/440","28/5051",0.92262799171123,0.999993915093558,0.900994407621929,"HSPA8",1
"GO:0004222","GO:0004222","metalloendopeptidase activity","1/440","28/5051",0.92262799171123,0.999993915093558,0.900994407621929,"MMP7",1
"GO:0003743","GO:0003743","translation initiation factor activity","1/440","29/5051",0.929405551664855,0.999993915093558,0.900994407621929,"EIF1",1
"GO:1901981","GO:1901981","phosphatidylinositol phosphate binding","2/440","48/5051",0.930648953416265,0.999993915093558,0.900994407621929,"PFN1/GOLPH3",2
"GO:0008757","GO:0008757","S-adenosylmethionine-dependent methyltransferase activity","1/440","30/5051",0.935590648691431,0.999993915093558,0.900994407621929,"GNMT",1
"GO:0015081","GO:0015081","sodium ion transmembrane transporter activity","1/440","30/5051",0.935590648691431,0.999993915093558,0.900994407621929,"TRPM4",1
"GO:0030276","GO:0030276","clathrin binding","1/440","30/5051",0.935590648691431,0.999993915093558,0.900994407621929,"AP2S1",1
"GO:0048029","GO:0048029","monosaccharide binding","1/440","30/5051",0.935590648691431,0.999993915093558,0.900994407621929,"BSG",1
"GO:1902936","GO:1902936","phosphatidylinositol bisphosphate binding","1/440","30/5051",0.935590648691431,0.999993915093558,0.900994407621929,"PFN1",1
"GO:0005319","GO:0005319","lipid transporter activity","2/440","49/5051",0.935652964804709,0.999993915093558,0.900994407621929,"APOD/STARD3",2
"GO:0003682","GO:0003682","chromatin binding","11/440","187/5051",0.943729232564096,0.999993915093558,0.900994407621929,"SKIL/ACTB/EGR1/H1-2/H1-0/CREB3L1/NUCKS1/SOX9/H1-10/H3-3B/NCAPD3",11
"GO:0140110","GO:0140110","transcription regulator activity","28/440","417/5051",0.949261987022572,0.999993915093558,0.900994407621929,"BTG2/FOSB/NR4A1/XBP1/SPDEF/JUN/EDF1/BASP1/SKIL/EGR1/NKX3-1/AEBP1/ATF4/CREB3L1/HSPA1A/NUCKS1/MAGED1/JUNB/EID1/PCBD1/SOX9/JUND/CEBPD/ID1/HOXB13/ETV1/ENO1/ETV4",28
"GO:0030554","GO:0030554","adenyl nucleotide binding","31/440","456/5051",0.949647066231449,0.999993915093558,0.900994407621929,"ACTG1/HSP90AB1/HSP90AA1/HSPA5/HSP90B1/ATP5F1B/ACTB/PEBP1/PFN1/ACTA2/ACTG2/MYH11/HSPA1A/CKB/HSPA8/ERBB2/ASS1/HSPA1B/ITM2C/ACLY/MCCC2/HSPD1/HSPA6/DBI/NME3/TRPM4/MYH9/PAPSS1/APRT/CDK19/ACSM1",31
"GO:0008168","GO:0008168","methyltransferase activity","1/440","34/5051",0.955374886295951,0.999993915093558,0.900994407621929,"GNMT",1
"GO:0032559","GO:0032559","adenyl ribonucleotide binding","30/440","449/5051",0.957974699323254,0.999993915093558,0.900994407621929,"ACTG1/HSP90AB1/HSP90AA1/HSPA5/HSP90B1/ATP5F1B/ACTB/PEBP1/ACTA2/ACTG2/MYH11/HSPA1A/CKB/HSPA8/ERBB2/ASS1/HSPA1B/ITM2C/ACLY/MCCC2/HSPD1/HSPA6/DBI/NME3/TRPM4/MYH9/PAPSS1/APRT/CDK19/ACSM1",30
"GO:0016757","GO:0016757","glycosyltransferase activity","3/440","73/5051",0.959876805780177,0.999993915093558,0.900994407621929,"RPN2/PYGB/APRT",3
"GO:0035091","GO:0035091","phosphatidylinositol binding","3/440","74/5051",0.962535455228662,0.999993915093558,0.900994407621929,"PFN1/GOLPH3/GRB7",3
"GO:0016741","GO:0016741","transferase activity, transferring one-carbon groups","1/440","36/5051",0.962859766051501,0.999993915093558,0.900994407621929,"GNMT",1
"GO:0043130","GO:0043130","ubiquitin binding","1/440","36/5051",0.962859766051501,0.999993915093558,0.900994407621929,"HSPB1",1
"GO:0017124","GO:0017124","SH3 domain binding","1/440","37/5051",0.96611833094429,0.999993915093558,0.900994407621929,"GPX1",1
"GO:0005543","GO:0005543","phospholipid binding","8/440","155/5051",0.966809092986053,0.999993915093558,0.900994407621929,"PEBP1/PSAP/F3/PFN1/PLA2G2A/GOLPH3/HSPA8/GRB7",8
"GO:0000287","GO:0000287","magnesium ion binding","3/440","76/5051",0.967363998959096,0.999993915093558,0.900994407621929,"ARF1/ENO1/PGM5",3
"GO:0005524","GO:0005524","ATP binding","28/440","431/5051",0.967615482808529,0.999993915093558,0.900994407621929,"ACTG1/HSP90AB1/HSP90AA1/HSPA5/HSP90B1/ATP5F1B/ACTB/PEBP1/ACTA2/ACTG2/MYH11/HSPA1A/CKB/HSPA8/ERBB2/ASS1/HSPA1B/ITM2C/ACLY/MCCC2/HSPD1/HSPA6/NME3/TRPM4/MYH9/PAPSS1/CDK19/ACSM1",28
"GO:0016779","GO:0016779","nucleotidyltransferase activity","1/440","38/5051",0.969091592688309,0.999993915093558,0.900994407621929,"PAPSS1",1
"GO:0016758","GO:0016758","hexosyltransferase activity","2/440","59/5051",0.970030339810289,0.999993915093558,0.900994407621929,"RPN2/PYGB",2
"GO:0004518","GO:0004518","nuclease activity","1/440","39/5051",0.971804479027257,0.999993915093558,0.900994407621929,"AZGP1",1
"GO:0032182","GO:0032182","ubiquitin-like protein binding","1/440","41/5051",0.976538158232765,0.999993915093558,0.900994407621929,"HSPB1",1
"GO:0046873","GO:0046873","metal ion transmembrane transporter activity","3/440","82/5051",0.978565394910451,0.999993915093558,0.900994407621929,"TRPM8/TRPM4/SEC61A1",3
"GO:0003713","GO:0003713","transcription coactivator activity","4/440","102/5051",0.981869300032516,0.999993915093558,0.900994407621929,"EDF1/NUCKS1/MAGED1/PCBD1",4
"GO:0005126","GO:0005126","cytokine receptor binding","2/440","66/5051",0.982688273073413,0.999993915093558,0.900994407621929,"CCL19/CCL2",2
"GO:0020037","GO:0020037","heme binding","1/440","45/5051",0.983758508944649,0.999993915093558,0.900994407621929,"STEAP4",1
"GO:0004714","GO:0004714","transmembrane receptor protein tyrosine kinase activity","1/440","47/5051",0.986488372640359,0.999993915093558,0.900994407621929,"ERBB2",1
"GO:0005342","GO:0005342","organic acid transmembrane transporter activity","1/440","48/5051",0.987676445389808,0.999993915093558,0.900994407621929,"SLC1A5",1
"GO:0046943","GO:0046943","carboxylic acid transmembrane transporter activity","1/440","48/5051",0.987676445389808,0.999993915093558,0.900994407621929,"SLC1A5",1
"GO:0046906","GO:0046906","tetrapyrrole binding","1/440","49/5051",0.988760267901998,0.999993915093558,0.900994407621929,"STEAP4",1
"GO:0004713","GO:0004713","protein tyrosine kinase activity","1/440","52/5051",0.991473601835601,0.999993915093558,0.900994407621929,"ERBB2",1
"GO:0003712","GO:0003712","transcription coregulator activity","8/440","181/5051",0.991879994666062,0.999993915093558,0.900994407621929,"BTG2/EDF1/BASP1/HSPA1A/NUCKS1/MAGED1/EID1/PCBD1",8
"GO:0019199","GO:0019199","transmembrane receptor protein kinase activity","1/440","53/5051",0.992224074968695,0.999993915093558,0.900994407621929,"ERBB2",1
"GO:0042393","GO:0042393","histone binding","1/440","69/5051",0.998224206735846,0.999993915093558,0.900994407621929,"NCAPD3",1
"GO:0016301","GO:0016301","kinase activity","7/440","200/5051",0.999091860934498,0.999993915093558,0.900994407621929,"CKB/CCL2/ERBB2/NME3/CDKN1A/PAPSS1/CDK19",7
"GO:0004672","GO:0004672","protein kinase activity","4/440","147/5051",0.999244320815388,0.999993915093558,0.900994407621929,"CCL2/ERBB2/CDKN1A/CDK19",4
"GO:0106310","GO:0106310","protein serine kinase activity","1/440","84/5051",0.999557253640149,0.999993915093558,0.900994407621929,"CDK19",1
"GO:0016773","GO:0016773","phosphotransferase activity, alcohol group as acceptor","5/440","180/5051",0.999717048016726,0.999993915093558,0.900994407621929,"CCL2/ERBB2/CDKN1A/PAPSS1/CDK19",5
"GO:0140098","GO:0140098","catalytic activity, acting on RNA","1/440","96/5051",0.999854725558132,0.999993915093558,0.900994407621929,"AZGP1",1
"GO:0004674","GO:0004674","protein serine/threonine kinase activity","1/440","98/5051",0.999879382905164,0.999993915093558,0.900994407621929,"CDK19",1
"GO:0016772","GO:0016772","transferase activity, transferring phosphorus-containing groups","7/440","241/5051",0.999944504352259,0.999993915093558,0.900994407621929,"CKB/CCL2/ERBB2/NME3/CDKN1A/PAPSS1/CDK19",7
"GO:0140640","GO:0140640","catalytic activity, acting on a nucleic acid","1/440","130/5051",0.999993915093558,0.999993915093558,0.900994407621929,"AZGP1",1
